"","AUSLOCOBDNOSTSAM","LREMTTTTAUM156S","LFEMTTTTAUM657S","AUSLOCOBPNOSTSAM","ISRPERMITMISMEI","ISRCPGRLH01IXOBM","LFEAICTTKRM647S","LFESEETTKRM647S","LFEASETTKRM647S","KORPISPPR02GPM","KORCP120000GPM","KORCPGRSE01IXOBM","KORB6DBSE01CXCUSAM"
"1996-03",-0.257784540726173,-0.00259855799999997,-0.00319232292960611,-1.9106294378267,-27.686795389153,0.3018614791212,-0.00330625751769886,-0.00208905877093468,0.000517329125144794,-0.00760135135135134,-9.96077628782649e-05,3.9828688052376,-0.05273429720795
"1996-04",-0.308731098465206,0.00160292499999992,0.0038267890551764,-1.3458887095983,-1.60691988925301,0.301861479121293,0.000548299672074926,0.00287304819359657,0.00625822164370815,-0.0211853249084407,-9.31392725324298e-05,3.6398876379405,0.0346465963082874
"1996-05",-0.352288728873412,-0.000366003999999975,0.000435546475917704,-0.909263749431503,-26.970195979081,0.301861479121207,0.00285297002889218,0.00126017867511141,0.00313323835914026,-0.0045187677623352,0.00089997422316199,3.696693893774,0.0223513634331693
"1996-06",-0.392125354170657,-0.000358922999999955,0.000446121537849082,-0.620775400419689,-12.095329436673,0.704343451282895,0.00170660119334154,0.000903517893665162,-0.00109897235675205,0.00011384400752608,0.00191064677425911,3.6977657099219,-0.0550145088842072
"1996-07",-0.519678983771742,-0.000519533000000072,0.000274266797789099,-0.431499476385397,9.51122853368601,0.201240986080904,-0.00101260923898228,0.00444613411761474,0.00679481801900139,-0.00050756454552643,0.000953501582406821,3.4694688704398,0.00508980776511159
"1996-08",-1.12931171830313,-0.000994513999999946,-0.000545799822326026,-0.270807339168499,8.5557626535894,0.100620493040395,-0.00184421946970181,0.00442506916955332,0.0061648642095522,0.00323092118136329,-0.0100277722894812,3.4694688704398,0.0321001088139281
"1996-09",10.231704089566,-0.00120545000000005,-0.000913838813419977,-0.0865817382555036,16.3514956298297,0.201240986080698,-0.000134503185163171,0.00222832176068533,0.00487705182739551,0.00902453013928663,0.00170821337793138,3.4694688704397,-0.040347106767771
"1996-10",0.885225650564653,-0.000150889000000043,0.000760531159956245,0.1165290197481,-7.470005971661,1.06581410364015e-13,-0.00540680807341209,-0.00265114285085011,0.00463714521623526,0.0374741200828156,0.0102832365343303,3.413734430754,0.141088481365672
"1996-11",0.321620531109863,-0.000652639999999982,-0.000108239263764299,0.307126066523807,-4.3213115940717,-0.100620493040402,-0.00400632199239848,0.00281755607494971,0.00621251352325891,0.0017866737111513,-0.0122733546684113,3.29797828679121,-0.0457322718015183
"1996-12",0.0593435193999072,0.00103960600000008,0.00281826208470488,0.45564551807621,-5.51564394419209,-0.100620493040402,8.8603684347266e-06,0.00251469229697876,0.00471453580379411,-7.58449059670097e-05,-0.00211207664063565,3.0139470076233,-0.0446255335661622
"1997-01",-0.086822840290966,1.23309999999766e-05,0.00135162021448304,0.563777941306398,-6.601400626119,-0.100620493040502,0.00220803307368467,0.00364324306303621,0.00658183940932244,-0.005417558183925,0.0030633650922678,2.9003344959561,0.0516653127538587
"1997-02",-0.16775723834918,-0.000811043000000011,-7.27245861179259e-05,0.648700009804188,0.673169142795004,0.201240986080798,-0.00462121251011116,-0.000983637968282824,0.00291210352518689,-0.0109295145616889,-0.00301277939131501,2.9024781282518,0.00374633091302323
"1997-03",-0.184940133754683,-0.000552035000000006,0.000371579078486481,0.730158805741311,15.417744883372,7.105427357601e-15,-0.00124699564027986,0.00152446635670711,0.0033699436035417,-0.0030826140567201,0.00180116558713388,2.7299157284554,-0.0417484320289353
"1997-04",-0.136770500528784,-0.000969943999999945,-0.000914751403627585,0.819183731559207,12.030184035758,0,0.00514699616771552,0.0033896115368639,0.00418187146597893,0.00015467179779711,-7.64980888588801e-05,2.7288439123076,0.0241326694506907
"1997-05",-0.0227362444077597,-0.000123487000000089,0.000549599514466028,0.917960051671002,1.085756681928,-0.40248197216161,-0.00359719126008329,-0.0010253939841004,-0.000870234302005279,1.73034750364301e-05,-0.00104362868935918,2.78779380043679,0.0013722799451088
"1997-06",0.107156896116293,-0.000355820999999978,0.000145966509690196,1.01913584730569,6.557970358842,-0.100620493040495,-0.00494450427820958,-0.00041040194445463,0.00198939786923358,0.00436772046589028,-0.000982733998060003,2.786721984289,0.00156617071260778
"1997-07",0.170564729862854,0.000198103999999977,0.00131947263011621,1.10441274773281,-21.259115832142,-0.201240986080798,-0.00139331409684507,0.00145006179804064,0.00369940547952363,0.00480467933987877,-0.00188055413469845,2.7867219842889,0.0268960125097732
"1997-08",0.160281099063149,-0.00150291399999991,-0.00163307834225338,1.1538990968085,-1.7589258247227,-0.201240986080805,-0.00146850289510925,0.00368299762772017,0.00497534356912332,0.00416735255476494,-0.00968612554735561,2.7299157284553,-0.0384878940155322
"1997-09",0.113105402471881,0.00371786299999999,0.00744152964538079,1.1566018668444,-18.9790268000945,1.06581410364015e-13,-0.0157153627636341,-0.0103552331618284,-0.00344673612498803,-0.00470437860879123,-0.00467607209943671,2.9571407517897,0.0651700518668092
"1997-10",0.0604333100962531,-0.000994116999999961,-0.000789961528308648,1.1234914137756,-26.3404571035634,0.201240986080691,-0.00296393234715453,0.00223539373046533,0.00112893074352649,-0.00286474319623493,-0.00758911549132067,2.89926267980831,-0.076311192060365
"1997-11",0.00448114219014051,0.00350139099999991,0.00698973700997844,1.06672426058471,10.7707062847212,-0.201240986080791,-0.00409047175941879,0.00117243507488229,0.00272596195160357,0.0107607686886782,0.00922994395916542,2.9582125679375,-0.129255533199195
"1997-12",-0.0649496654635588,-0.0015579389999999,-0.00175458500524493,0.981450111904493,11.5741662293484,-0.301861479121307,-0.00872533764208128,-0.0059533603241787,-0.00116672196493584,-0.00480607882878018,0.0188304772936143,3.12863133543829,-0.230335520842961
"1998-01",-0.169736767836486,-0.000309000000000115,0.000877243047908594,0.829334155290695,-48.5984690830789,-0.100620493040289,-0.0472744868281951,-0.0414686415419588,-0.0428457723227256,0.0263976268911047,0.0352058263394636,4.0964813169048,-0.0112885793202834
"1998-02",-0.348180587702496,8.30390000000625e-05,0.00155201580221722,0.570110754324602,-26.2101663017317,-0.201240986080798,-0.0275951326901017,-0.0122966445308176,0.00410567439655884,-0.00505830347358179,0.0123902835924374,4.49198147544421,0.165917648487793
"1998-03",-0.736566515824451,-0.000608415000000084,0.000355953966747968,0.197959408530892,-46.6223919219708,-0.301861479121314,-0.0269308931269133,-0.0117012130168628,0.00154538763559242,0.0115338719183553,0.0030297497392033,4.4362470357584,0.0287529951036567
"1998-04",-3.07908201286791,0.00173852800000007,0.00378483152480405,-0.214403539599004,-53.7449557554157,0,-0.0254473265691576,-0.0111897144267513,-0.00238332785796402,-0.00706876656983838,-0.00184147783442208,4.1532875727383,0.0778227848101265
"1998-05",1.30521056711374,-0.000556746999999969,-0.000178501899362665,-0.564181853856795,-44.6028844935851,-0.402481972161695,-0.021465219093575,-0.00518773937579131,0.00244086717063086,-0.00989606501423781,-0.00331951244681883,3.7545719657555,-0.0818339831822238
"1998-06",0.369137976863804,0.00090732299999996,0.00234424961501438,-0.764040746251794,-15.678326487034,-0.3018614791212,-0.0127696598631118,-0.00707279470194244,0.00319698718968064,0.0128458498023714,-0.00422442338465079,3.46946887043971,0.0276285495011512
"1998-07",0.0874686766636275,0.00022891199999997,0.00144628353303548,-0.792112448067499,-5.906516349686,-0.201240986080805,-0.0152717719550503,-0.00533801013933921,-0.000466382788073427,-0.00136585365853644,-0.0048433285039695,3.299050102939,0.0374408762758276
"1998-08",-0.0932007009794318,0.000223442000000018,0.0014354705660546,-0.66518411692941,-35.2219467617307,0.201240986080805,-0.00665964029578392,0.00289567595580342,0.00497845737064218,0.00110150148240125,-0.00955215181992179,3.01394700762329,0.0822575226760092
"1998-09",-0.274569644654958,0.00235271100000001,0.00509824626050404,-0.424187901533699,-39.6301188903567,0.100620493040296,0.0011108463422147,0.000161157150224023,0.00337270313791294,0.00160958347883034,0.00416133162612037,2.5594969609547,-0.123010066072458
"1998-10",-0.54038735196041,0.000125739999999985,0.00126201625333464,-0.130785568617995,-3.9087240549392,1.20744591648511,-0.00285424205131291,0.00423387928564489,0.00354293066751366,-0.00838865222479707,-0.00184405197489778,2.3901500096017,0.0710421196339182
"1998-11",-1.34659824700238,-0.00208713199999999,-0.0025302317622664,0.160725825151999,-7.94773891170961,0.603722958242486,-0.00524248781694969,-0.00233680607766151,0.00653034315187861,0.028517878445321,-0.00506028642737564,2.1607813539717,0.0076007931262394
"1998-12",3.97594639835451,0.000907588999999986,0.00260499239267763,0.427786006055001,-46.4269557192237,0.301861479121214,-0.00163471805050652,0.00344529474821997,0.00656763330403964,0.0230921503945554,-0.0282731408960215,1.7063313073031,0.0997516750222553
"1999-01",0.788783016903306,-0.000798113999999961,2.21497778441362e-05,0.704123282615299,-0.846890211903499,-0.503102465202119,-0.003660083889507,-0.0102090986074249,-0.00908025052598638,-0.0238087178973521,-0.0644905175945576,0.340837535001498,-0.0725545330606681
"1999-02",0.432692229094018,-0.000268150000000023,0.000929854394683235,1.0360681540198,12.3993413076129,-0.402481972161695,-0.002898482642546,0.00489168917942684,0.00299590776054637,0.00494241860039369,-0.016775017048984,-0.398715606982805,-0.0488768432174193
"1999-03",0.29306710472647,0.000996832999999975,0.00310420124907286,1.43825122754851,-2.23665876477081,-0.3018614791212,0.0171365477024867,0.0185775242185064,0.00758789428730888,-0.00299472821449054,-0.000666857627274611,-0.739553141984302,0.0955807775899542
"1999-04",0.208226964584005,-0.000402734999999987,0.000185732728975613,1.8453616903446,-23.9083621360453,-1.3080664095254,0.00715669658765106,0.00543240999382788,0.000931396649248128,0.0168245019561298,-0.000831210133535744,-0.797431213965694,-0.0614530065244225
"1999-05",0.142714011635265,-0.00130223799999996,-0.00136098449272248,2.16179130248349,-6.731691427951,0.201240986080904,0.0110463197107546,0.00911992702317899,0.00390286191363809,0.00366356658096327,-0.00010112250664127,-0.854237469799301,0.0519023015500235
"1999-06",0.0853963374487312,0.00293711100000005,0.00593283610118752,2.31098262888951,-11.4221602938781,-0.3018614791213,0.0145333414714912,0.00763811904395229,0.0081280940240156,-0.0155417520309838,-0.00266860524896576,-0.796359397817909,0.0559053360125028
"1999-07",0.0336483302322759,0.000572958999999984,0.0020994069156287,2.2913478502971,-21.1505401639497,0,0.00841494742927651,-2.39069208074483e-05,-0.003153161265666,-0.00368010056745027,0.0049313477685274,-0.796359397817909,-0.097729098828604
"1999-08",-0.0172721839819199,-0.000117871000000047,0.000914487002375435,2.1370050845118,19.6304808092507,-0.3018614791213,0.010724545033769,0.0133973563933714,0.00599975636008332,0.00379937655358177,0.0126935960715555,-0.796359397817895,-0.083848893888264
"1999-09",-0.0709645267815546,0.000236958000000009,0.00152082780191238,1.8906958121751,5.7110801469391,-0.301861479121101,0.0137726626877364,0.0177639401798195,0.0157002713525847,-0.00304267219721613,-0.00416133162612037,-0.739553141984402,0.223512559472042
"1999-10",-0.127168353349448,0.00205473,0.00463179170294628,1.58643143131199,2.36694956660209,-1.60992788864671,0.00251827970767549,-0.00234108571583802,0.00100065627986434,-0.0081571006249779,0.0203814303612463,-0.56913437448361,0.0323214584378659
"1999-11",-0.191223202362768,4.63429999999487e-05,0.00119286151107225,1.24536289078399,-18.5664392609616,-0.50310246520209,0.01127150948142,0.00673580045406141,0.00239788042961009,-0.0200007365905983,0.00084107081589751,-0.170418767500706,0.0299323585402407
"1999-12",-0.273086955926793,0.00162092400000002,0.0038768899177015,0.875860345098005,13.4416677222634,-0.40248197216161,0.000128656770984836,0.00172707540927708,0.00720699947416858,-0.005330377976275,-0.000865334434205669,0.055734439685807,-0.0391694195375177
"2000-01",-0.390999875805532,-0.00404353600000007,-0.00541325277641862,0.476278544654008,26.2101663017318,1.00620493040411,0.00505367566080173,0.00335652031934597,0.00228886755737245,0.0239974673703529,0.0157492765245828,0.651664217864507,0.148330058939096
"2000-02",-0.613403176896061,0.00252898200000007,0.00579614587241571,0.0463668918179962,-8.25175078264959,-0.10062049304041,-0.00376588002281686,0.0106135560457925,0.00732487413739547,-0.0254347499637855,0.00357325042630123,1.0385898472215,-0.103649843170801
"2000-03",-1.42293712573162,0.00234730000000005,0.00546570454422741,-0.399131142032005,30.6400535639963,0.201240986080805,0.00738552851704255,0.000311108318731046,-0.00110994849443835,-0.0241334366117107,-0.00410346985468789,1.4898244454468,0.0412358835692699
"2000-04",2.98791481407283,0.00191260399999993,0.0041727399039025,-0.814678801542001,16.1343442934438,1.7105483816871,0.00376213889888444,-0.00365138877926585,-0.00289837489882361,-0.0425726330453906,0.000831210133535744,1.684894984347,0.0758067595951881
"2000-05",0.699521634772047,-0.000808300999999956,-0.000444008807501921,-1.15516677145959,16.8292285698775,-0.704343451283009,-0.00132956942281992,0.00384664792249878,0.00852555335294714,0.0378721702602272,0.00053401011821578,1.58200063415779,-0.00528931487397943
"2000-06",0.429212865087061,0.00211612800000005,0.00450989423816347,-1.40927813412311,8.6426231881435,0.402481972161695,0.00412489187559895,0.00251079336603177,0.000798323832639669,0.0142452981063664,0.00596511585741744,1.7749275407625,-0.00385425216801683
"2000-07",0.358389986496785,0.00478501599999992,0.00922241435752884,-1.63824422603331,-19.804201878359,0.10062049304041,0.0131064054353001,0.00890667769811415,0.00546305203115049,-0.00110194670498125,-0.000162039290028173,1.97964442499291,0.00634113137247883
"2000-08",0.330597890335407,-0.000888795000000053,-0.000350778052241454,-1.91793826744369,-1.30290801831309,-0.100620493040395,0.0018467682036325,-0.00848789479957324,-0.000672963832285989,-0.0127021035848276,-0.00367748494533467,2.3086919823686,0.0779636881452475
"2000-09",0.292672899564898,-0.000928465999999961,-0.000420862563438412,-2.2827895674053,26.5141781726715,-1.00620493040421,0.00396838539063959,0.000158174530289656,-0.000698569159324425,-0.00926628110946425,0.000998057352652881,2.6495295173701,-0.120343461030383
"2000-10",0.221704582727729,-0.002314437,-0.00274906923838356,-2.6660760831474,-11.3787300266011,0,0.00569473018838784,0.00798152350380854,0.00680154251730913,-0.0155482705369949,-0.0222285616567239,2.72884391230761,0.0540621714972218
"2000-11",0.133872746645108,-0.00444219599999995,-0.0063557499645295,-2.9545112759106,6.0585222851559,-0.704343451282895,-0.00167679501944418,0.00155666803648247,0.00194656389385561,-0.00906793298986766,0.00132107614847163,2.6473858850745,0.0895070522866506
"2000-12",0.0415264204029349,0.00203801599999998,0.0046029532011965,-3.041536877906,6.14538281971009,0,-0.00437012937430958,-0.00101500500982055,0.00407307882790064,-0.0170678713975324,0.0175291015778919,2.8638927469308,-0.122004642191638
"2001-01",-0.0460990405482379,-0.000404588999999955,0.00107024480749686,-2.88745868054001,-24.7335372143103,-1.1068254234445,-0.0229988036356833,-0.00385026005532829,0.0027063192958614,-0.0184798436541997,0.0186445484502449,2.99358250081499,-0.0505268645045984
"2001-02",-0.134868375543052,-0.00103156100000001,2.93685459586009e-06,-2.50214891088679,-18.9790268000941,0.201240986080805,-0.00104187744180051,-0.00509673636463059,0.000638404255623337,0.00840374545042901,-6.7243590963879e-05,2.99358250081499,0.0816862745098039
"2001-03",-0.230847562544182,-0.000386222000000047,0.00109364345971178,-1.9450940169088,-29.8148784857313,-0.100620493040395,-0.00228503984302009,0.00500667335737304,0.00612029610117704,0.0557003673751231,-3.19658932143629e-05,2.99465431696281,-0.0869013522822029
"2001-04",-0.326228632993677,0.002745357,0.00568050666111177,-1.3420769725606,-7.1877092343606,-0.10062049304041,0.00207822623448584,0.0126271872022079,0.0142401954467166,0.0445419128684352,0.0058029083624055,3.0600351019789,0.0357738426109744
"2001-05",-0.414453317440831,-0.00105192399999998,-0.000764319426347406,-0.820101371007112,2.757821972096,0.301861479121214,0.0102671471065237,0.00613523176798347,0.00273897944421675,-0.0201162285414132,0.00393909215601859,3.5380651038992,0.0772032046613256
"2001-06",-0.488187468616436,-0.000826516000000055,-0.000386797789434033,-0.4456383938805,-37.8494779319954,-0.201240986080805,-0.00446266134638373,0.00193845753624111,0.00145693246585865,-0.00156316998243715,-0.000959725792630686,3.5369932877514,0.0422049037400805
"2001-07",-0.684488129991527,0.000653522000000017,0.00224842224033779,-0.157071277740798,-4.90762020231269,0.201240986080791,0.00121488604653575,0.00288480008103176,0.00361449510561274,0.00853453577583662,0.0010010725777619,3.33227640352099,-0.0422371700754601
"2001-08",-2.25748417903645,0.000782045000000009,0.0024632899222945,0.153661004921801,-22.2145817122383,0.100620493040395,0.00107570680981239,-0.000501671008590665,0.00286831454177094,0.0101041689210149,-0.00306554937155607,3.1286313354383,0.0136541889483066
"2001-09",2.45767269134564,-0.00198788399999994,-0.0022281669554776,0.565584979540304,-24.2775194079007,0.905584437363814,0.0111413356407792,0.00352685448518164,-3.36861465534133e-05,-0.00928644680378375,0.00188112002523918,2.92391445120781,-0.0126261738121197
"2001-10",0.881611074007927,0.000508364999999955,0.00212287464534451,1.0516269572049,-15.5263205515644,-0.402481972161695,-0.00603186169505776,-0.000685917208635645,0.00396069022779222,0.0163412868381334,0.0057990035103898,2.92498626735559,-0.0325924342808293
"2001-11",0.488779609002246,0.00134002700000002,0.00353199889531349,1.5299980959756,-18.0669911872749,-1.4210854715202e-14,0.0100619658751793,0.00730461279795613,0.00537815071381553,0.0419841216724759,-0.00181347389313982,2.7888656165846,0.039176700173055
"2001-12",0.278776799781742,-0.001578831,-0.00141739906819214,1.91027693363699,-6.5579703588426,-0.100620493040395,-1.29957543489878e-05,0.00548329387541902,0.00216218228301646,0.012915373308643,-0.00904449647708787,2.78886561658449,0.0184601211777629
"2002-01",0.135793754942919,0.000564695999999976,0.00237570954903663,2.140069261343,5.8413709487704,0.9055844373637,-0.000102741915871452,0.0057071670680342,0.00812974021091883,-0.0095813796194921,-0.0093850006972888,2.3805036642715,0.000452268299471204
"2002-02",0.0191273159045373,0.00178113199999996,0.0044366018495592,2.1952697230838,19.6521959428892,0.503102465202105,0.00711703799302077,0.0115418968148921,0.00791838523939581,-0.00151218247585451,-2.51554176003931e-05,1.83602106118731,0.00799805264805098
"2002-03",-0.0872067441220233,-0.00048964600000001,0.000584540210280433,2.0811677337698,-20.6728072239012,0.503102465202105,-0.00201620558665594,-0.013091750891,-0.00196624627334308,-0.0288906803275694,0.00280200404659415,1.97214171195829,0.00234587918722196
"2002-04",-0.17896712580901,-0.00135159799999995,-0.00139004653510274,1.84613324120261,-10.0975371419264,0.100620493040296,0.00446137397593582,0.00863875966297623,0.00643085852028147,-0.010168624899947,-0.00109122640932114,1.9732135281061,0.0376527275856136
"2002-05",-0.259225394064247,0.000479824000000018,0.00170972987831667,1.55497518299271,-1.9543620274696,0.905584437363899,0.00207292385806657,0.00234187356549076,-0.00205547583986754,-0.00419594032144437,0.00088059535268248,1.9721417119584,-0.0196358088162129
"2002-06",-0.325792755057182,0.00112350900000002,0.00279896961938383,1.27103263749461,13.2462315195165,0.503102465202005,-0.00170170828060945,0.00238124509231019,0.00472453491336955,-0.0205604897638707,0.0093640660935229,1.8370928773351,0.0232432249551713
"2002-07",-0.369159756358208,-0.000199039000000067,0.00074830446967588,1.0423463059941,22.909465988672,0.201240986080805,5.91154432689756e-05,0.00274459414690331,0.00234941895832219,-0.0260630570743984,-0.000924199164920232,1.9056891107945,0.0190450998545166
"2002-08",-0.340654951501013,0.00300169000000006,0.00616296950160076,0.896117651327899,3.9955845894935,-0.201240986080705,-0.00236835499744725,0.00293294985922166,0.000340245658589478,-0.00980414395465163,-3.5593651908838e-05,1.9732135281061,0.0723880597014925
"2002-09",-0.155153133970223,-0.000525633000000081,0.000197691388991203,0.829250385269006,-11.5307359620709,-0.100620493040509,0.0063003839641762,0.00440627482366462,0.00140806658226289,0.0281260589630635,-0.00103077904805215,1.9056891107945,-0.0235696348068137
"2002-10",0.059112705267383,-0.000143481999999917,0.000948491764970865,0.793019799524501,-1.8457863592768,0.100620493040395,-0.0044178174117333,-0.00020387395487409,0.00153565248529008,-0.000655186586618401,-0.00664692934002078,1.9035454784989,-0.00802553296975705
"2002-11",0.054255779953547,0.00250796099999995,0.0054166109517913,0.724621230697011,-10.0106766073723,0.402481972161709,0.00174953643021425,-0.00149442300867031,-0.00346523293526169,-0.0036981656190843,0.00380958859844558,1.9721417119583,-0.0245212882266579
"2002-12",-0.13469880750196,0.00205482099999998,0.0046366535080736,0.576563083303995,-3.5178516494453,0.201240986080805,0.00404818188278222,0.00563338848897366,0.0010075809602581,-0.0145073848099724,-0.000956039265898429,2.03966612927,0.0362815422057128
"2003-01",-0.443576259496111,0.00250708500000008,0.00572183110299814,0.348411238142006,-23.1917627259731,-0.201240986080805,-0.00450169649282361,-0.00152810740981235,-0.00340389425316601,-0.0083656382965854,-0.00781269966072344,2.10933417887721,0.0681993757918482
"2003-02",-1.23161673000865,0.000685548999999952,0.00266664981149378,0.0695720669079947,-21.9974303758527,-0.402481972161695,0.00401254189991218,-0.00129068883284433,-0.0034500066505081,0.00214806599349026,0.00735298293256319,2.44909989773089,-0.0673744503587133
"2003-03",5.91893424524283,-0.00388046200000003,-0.00493715147375575,-0.212138775590006,15.1571632797091,4.32668120073788,0.00620883174877496,0.00721661885691383,-0.00246286847561628,0.0145268295762912,-0.00192901119262463,2.72026938312521,-0.0200688606966717
"2003-04",0.607335572134161,-0.000659136999999976,-0.000191312840072458,-0.438257231103009,5.79794068149319,-0.100620493040282,-0.00199537506446312,-0.00128225152086103,-0.0024141010426858,-0.0130460905077603,-0.00471168195308436,2.8585336661918,-0.0290579893643961
"2003-05",0.0263662976428967,0.000582786000000057,0.00188807088350155,-0.560331604656,-27.9473769928159,-1.10682542344472,0.00188924208523589,-0.00158481979931557,0.00436774430514841,0.0164216873827674,-0.00189302112796989,2.7899374327323,0.0294060116059203
"2003-06",-0.384487266327017,-0.00206084299999998,-0.00254025945693046,-0.564552647193011,-3.3224154466984,-0.804963944323291,-0.00108891138976142,0.000559042870251103,0.0013906224216893,0.00706940485947298,-0.00292876105934933,2.8585336661918,0.081517608310109
"2003-07",-0.975201594546489,-0.001148539,-0.000864846157828784,-0.503836050480999,-23.3003383941659,-0.9055844373637,0.00139467273174199,0.0055075698006013,0.00693521558090038,0.0190401312623036,-0.00361662787966387,2.92605808350341,0.0173060029282577
"2003-08",-34.4802419468944,0.00295389000000001,0.00603786293308184,-0.452990107865006,-1.693780423807,-9.9475983006414e-14,-0.00663710721735056,-0.00453697863292979,0.00238689471446718,0.0221243241950738,0.00363648611058725,2.8563900338962,-0.00630379090987598
"2003-09",0.42799492925652,-9.2789000000093e-05,0.00090759722119102,-0.468535116392005,14.3102730678056,-1.207445916485,-0.0037951226021371,-0.00259343611034657,0.000154581601829573,-0.0187590267980126,0.000850242653952,2.85639003389619,0.0219280458837843
"2003-10",-0.150268648633702,0.000809673000000011,0.00249171131526037,-0.547806178450998,0.325727004578198,0.603722958242599,0.00475668693136022,0.00663002958666969,0.00327857944856835,0.0420542498905148,-0.00356999985597649,2.7213411992729,0.00875875166529672
"2003-11",-0.540778969556863,-0.000864372000000002,-0.000313307104965782,-0.655513863704002,-7.0574184325293,-0.9055844373638,0.00646998219225448,0.00543065377564478,0.000913145077909627,-0.0127808902034184,0.00816670447548376,2.721341199273,-0.00798021805102844
"2003-12",-1.4064771636101,0.00128978800000001,0.00329393163340024,-0.745726862294987,-13.0507953167695,-0.40248197216161,0.00659170571786016,0.00518882144177613,0.00541275503079741,0.00185931371769692,0.00630042752901077,2.58629236464971,0.0146442329481078
"2004-01",2.56475390059067,-0.000709710999999946,0.000182028028678039,-0.781813006668202,7.6871573080472,-0.20124098608089,-0.00565927331524341,0.00740185861644638,0.0109032057687473,0.0325508470579499,-0.00102732069283184,2.51662431504249,0.0453923676055945
"2004-02",0.158919684408947,-0.000582858000000019,0.000391132729653627,-0.737939807893298,-18.2841425236605,0.100620493040495,0.00528965472439458,0.00791966469438776,0.00420816462062135,0.0682723919423588,-0.00917075584227379,2.65274496581351,-0.00392554810799262
"2004-03",-0.408411868533934,0.00127652699999992,0.00350543885424645,-0.604465717605393,-8.6860534554207,-5.03102465202079,-1.76384941525942e-05,0.00309307088792488,-0.0003456098713015,0.0339624038747637,0.00083497355946829,2.44909989773089,0.0858981233243967
"2004-04",-1.11054096339024,0.000136224000000018,0.00104908702899883,-0.399078392755086,-7.4700059716617,0.603722958242386,-0.0030253327833264,-0.00150542837982404,0.00133575329799518,-0.0373533807973695,-0.00446407295025988,2.10719054658159,-0.0408354730396998
"2004-05",7.64029312789308,0.000515234000000087,0.00168194874250313,-0.151541458864003,3.4744213821683,0.503102465202119,-0.0098861526496854,-0.00474658873993694,0.000170544955227392,-0.022312703583062,-0.00268201262910007,2.0407379454178,-0.0292921492921493
"2004-06",0.105192136077913,-0.000206270000000064,0.000475496878480027,0.106387922695006,-9.2289317963845,-0.10062049304041,0.00693164510751854,0.00733412562575864,0.00131968413695605,0.00350485900908092,0.00168611846447571,2.0385943131221,0.100657615613067
"2004-07",-0.475983553610485,-0.000109269999999939,0.000962465270868108,0.348007591121004,-18.3275727909376,0,-0.00486327766949368,0.00126180735834103,0.00158955177497488,0.0155772100044252,0.0009854407931359,2.311907430812,-0.00729979762937261
"2004-08",-1.25666533418262,-0.000908825999999974,-0.000375592666117765,0.549210152095,7.86087837715559,0.6037229582425,-0.00177807782603501,-0.00575235747401792,-0.0041448098986403,0.0178939508665659,0.00079056797931056,2.3140510631076,0.0174978764713021
"2004-09",3.63126121143956,0.00287800499999991,0.00596037918652637,0.687186493176995,4.4950326631801,0.704343451283009,0.0104334460090294,0.0127519407823666,0.0118454407150852,-0.0288890183165463,-0.00179552761929859,2.24545482964821,0.0155273577255162
"2004-10",0.448601661514551,0.00265835999999997,0.00561832406709506,0.742024054374994,-3.95215432221639,-0.3018614791213,0.000284172645297565,0.000385800005771486,-0.00124677234598469,-0.0363630041756215,0.006301456601633,2.3805036642715,0.102003429081429
"2004-11",0.215432473841757,0.00163412500000004,0.0038986800467967,0.700648664282994,5.68936501330059,0.3018614791212,-0.0029082715590053,-0.000150515965094189,0.000720862863167415,-0.0269887961129318,-0.00728102091756655,2.3805036642714,0.00609548167092933
"2004-12",0.237168313798262,-0.000125720999999968,0.000978411188618778,0.566728041847,-0.0651454009157035,0.201240986080791,-0.002957338677128,0.00529203760980224,0.00508109451896788,-0.0116097745396162,-0.00541552771231126,2.3794318481237,0.0633182222598823
"2005-01",0.275424936997662,0.00224455199999996,0.00530809927394507,0.37747488220019,-4.4298872622645,-5.7353681033037,-0.00882029259100581,-0.0069311488993985,-0.0011130771573894,-0.0049006626846739,-0.00520403193631514,2.431950839366,-0.0696882159577648
"2005-02",0.272358547415698,0.000964803999999986,0.0031811682872277,0.176742841290306,17.9584155190822,-0.201240986080904,-0.0018731847863509,0.00103116413614068,0.00338277294187961,-0.0477290480640555,-0.0021449261063455,2.22830577128339,0.0238773368738892
"2005-03",0.236222601960034,0.00158284600000003,0.00419388426229759,-0.00791618876250766,2.6926765711804,0.3018614791213,0.00318138237135468,0.00659152454631329,0.00281193895206,-0.0499491188323209,0.0145494637813147,2.06324608452161,0.0454697565464737
"2005-04",0.187893355970759,0.00183836300000007,0.00397364080972022,-0.187384340776504,23.5392048641899,-0.704343451282895,0.000434995537729854,0.000807400868636732,-0.00293115984847103,0.0356906725667277,0.00047230596965719,1.9035454784989,-0.0085824030728604
"2005-05",0.141473547943138,-0.00157075300000009,-0.00161479912151093,-0.386126785822398,18.3275727909375,-0.201240986080805,0.00416112124535051,0.00324466201888618,0.00078811346273433,-0.00762235891949724,-0.00021693175086787,1.91533545612471,0.0308130032084266
"2005-06",0.106200436639377,0.00227567700000009,0.00468791307789447,-0.617731639484703,5.5807893451078,0.100620493040395,0.000286296417105758,-0.000866048655855822,0.00116551221254713,-0.0350357094731169,-0.0111617604521008,1.84888285496091,-0.0445932190118237
"2005-07",0.0917523490039545,0.000165603000000014,0.0015531622826248,-0.859086298603501,15.1137330124319,0.9055844373638,-0.00214001449179524,8.59146696960966e-05,0.00112627075203986,-0.0309101970709931,0.0025474169945104,1.5991496925228,0.0245666516411918
"2005-08",0.0935119630136523,0.00189334699999988,0.00437548240610676,-1.0681811573487,-14.8097211414922,-0.50310246520209,-0.00351663649750156,-0.00118568718906287,0.00328619373589123,-0.0207039890621397,-0.0013476938740511,1.69025406508609,-0.0129987001299871
"2005-09",0.0991803719037092,-0.00173443399999995,-0.00154710460554897,-1.20123772552799,-11.6393116302636,-0.3018614791213,-0.00780528502436595,0.0031638684988744,0.00684439153363314,0.043666189120526,0.00313243716625235,1.69025406508609,0.0220848951474015
"2005-10",0.091418993324704,-0.000540761999999972,0.000416898291173923,-1.23217921773229,-8.3603264508423,0.201240986080791,0.00456130414895894,0.00410619250373401,0.00228859558459327,-0.0216091952191805,0.0021006600706654,1.5552052304628,-0.0420656160174447
"2005-11",0.0696993078674255,-0.000131391000000036,0.00108404801710647,-1.15132280737539,16.655507500769,0.603722958242599,-0.00416473934782624,0.00314754505954595,0.00595926087017684,-0.0148830411087336,0.00510196691298648,1.57878518571449,0.0360904745152413
"2005-12",0.0422788406740684,6.75199999999876e-05,0.00140765572411732,-0.971431954666102,13.0725104504081,1.4210854715202e-14,-0.00244332108009204,-0.00264842773918472,0.000854961763736561,0.0327695868635804,0.010972623898348,1.5359125398023,0.060219306129786
"2006-01",0.0230653326949666,-0.00112693899999994,-0.00016735285692387,-0.741823988517794,12.5513472430829,5.332886131142,0.00323329819622442,0.00757825471624307,0.00452401585784901,-0.0187282461543494,-0.0003350790803202,1.5991496925227,0.0118684299762633
"2006-02",0.00818751532704587,0.00123979499999993,0.00370671204395531,-0.517084868794711,5.6025044787463,0.402481972161695,-0.000580987303655189,0.00133136032077585,-0.0012771323560854,-0.032008108369368,0.00498537713375999,1.83923650963071,0.0648830801310694
"2006-03",-0.0187019513370298,0.00150312600000002,0.00413030651861983,-0.329379408828999,-4.9076202023126,0,0.00205922329354102,0.00529762113119481,0.00278974469286308,0.00478302177159629,-0.00743706488032525,1.83923650963069,-0.00416105739811523
"2006-04",-0.0877128919886142,-0.000145206999999981,0.000736899294981175,-0.160435554506606,-10.1626825428421,0,-0.00168978146079046,0.00259363976459936,0.00378061064927349,0.00345597071414232,0.0175688300873988,2.1586377216761,-0.0100247546480802
"2006-05",-0.220633618326088,0.00111710099999995,0.00279508731525788,0.0256343732310995,-25.1244096198042,0.201240986080791,0.00148609830731661,0.00226992825405903,0.000793368715459541,0.0230424482695475,0.019199931148873,2.1586377216762,-0.0197027736397816
"2006-06",-0.469048744639147,0.00182023500000006,0.00393575817345991,0.250840814200203,-1.8023560919998,0.201240986080904,0.000780789151799688,-0.000107110433863689,0.000241171396492712,0.0361711054424612,-0.0063434964387925,2.2390239327614,0.0433272427953759
"2006-07",-1.11269984249589,0.00218606099999996,0.00516208909181784,0.490578348812491,-7.9694540453484,-0.50310246520219,0.0005039400049065,0.00297998983665271,0.00150689277084104,0.0045170523462408,0.00765362356397608,2.3183383276988,-0.0094846719378554
"2006-08",10.2258507514432,7.64120000000812e-05,0.00173206610935914,0.701538495779701,8.9466350590833,-0.10062049304041,0.0023363729209851,-0.000909055397484315,0.00124901451833526,0.006474783242761,0.00070692391183077,2.2390239327614,0.0335754923413567
"2006-09",0.805688705985799,0.00173491100000001,0.00441368074324291,0.848568753248998,-9.2940771973001,0.100620493040495,-0.00274261524102537,0.00411937450971611,0.00300050190818402,-0.00491331411520962,-0.00496163978811031,2.47911074986931,0.0313669698355437
"2006-10",0.355581881807072,-0.00268712900000012,-0.00277112347656346,0.9335903099593,17.6978339154195,-0.50310246520209,0.00293648970592253,0.00306642264701318,0.00108454827838278,-0.0044035788943907,-0.00487045105756695,2.47911074986931,0.00183923146399545
"2006-11",0.192418054302212,0.00109651500000008,0.00334104514472108,0.976570104703399,-1.9109317601925,-0.100620493040495,-0.00466885419046914,0.00255481506633504,0.0057070380006341,0.0291774074028774,-0.00128520195460724,2.31941014384661,0.0396347960070156
"2006-12",0.112307714568126,0.00222506,0.00516154980174493,1.0009421830941,-9.6198042018784,-0.10062049304041,-0.000468306410718156,0.0041519890826367,0.0015522855157557,-0.0119375380371097,-0.00996480700632061,2.3172665115511,-0.0252424122979897
"2007-01",0.0753205598571707,-0.00161979200000006,-0.000577408857809806,1.02204623136279,7.2745697689147,0.3018614791213,0.0062567176352164,0.00797459255406818,0.00381137685360344,0.0153212619631607,0.00194543588486712,2.1586377216762,0.0261872412008282
"2007-02",0.0602241816442908,0.000623214999999955,0.00303950855768439,1.0434680664127,-0.8686053455421,-0.402481972161695,-0.000801980914618694,0.000173324071170988,0.00034449724179586,0.0204590727322602,0.0092538180740343,2.2379521166136,0.0991914001544694
"2007-03",0.0478221121682165,0.000488990000000133,0.00281732291233459,1.05361483190291,0.998896147373301,0,0.00078536092809145,0.000948925818110791,0.00360133288828779,-0.0014224716572644,0.00593928053091855,2.3194101438467,-0.0467620741080647
"2007-04",0.0160783755189708,0.000840324000000003,0.00283294808080764,1.02226744458621,-17.9367003854437,-0.40248197216161,-7.82356742978774e-05,0.000789412541865486,0.00146794835443154,-0.00684202093569765,-0.0117520374423728,2.39979635493191,0.0309890936442272
"2007-05",-0.038890260477674,0.00124573599999989,0.00348249735688634,0.919830031507303,11.9216083675649,-0.100620493040395,-0.00352586048131454,0.00155742708440187,0.00170753971686244,-0.017375123563149,-0.017211703958692,2.47803893372159,0.00227620923615679
"2007-06",-0.110428599550553,0.000403543000000117,0.00212164903043039,0.739557270834496,3.3007003130598,0.201240986080705,0.00477892176504446,0.00175605566453774,0.0011863758950299,0.0180334860790677,0.0112544096915354,2.47803893372159,-0.0207159598782956
"2007-07",-0.176411345104343,0.000365580999999948,0.00218575987537393,0.524883085550002,4.5167477968187,0.301861479121385,-0.00484040207050296,0.00315231466622645,0.00419657978786359,0.0025472284332973,-0.00573563269402501,2.39872453878409,0.0409555806624249
"2007-08",-0.226199181522517,0.00122700799999997,0.00356685021430078,0.336669258623999,-0.260581603662594,0.503102465202005,-0.00417524028006178,0.00415849493908205,0.00178181026118329,-0.0156930421922297,0.00072962097308559,2.39765272263631,0.00464133213372753
"2007-09",-0.249541269704083,0.000807887999999979,0.00288826429920865,0.222916081053,20.2819348184072,0,0.00461013583686309,0.00168005384167436,0.000771027940870583,0.019907165498307,0.00543333051487054,2.3183383276989,0.0100358219139136
"2007-10",-0.251766359350164,-0.00165488299999994,-0.00101223554082768,0.186561788445005,-0.825175078264905,0.3018614791213,0.000985932669747225,0.00240350945546841,0.00217691641361539,0.0219742435238787,0.00638440537135643,2.39765272263639,0.0818391645790526
"2007-11",-0.240569806173352,0.00240059100000001,0.00548889829873874,0.204829189172003,-8.72948372269781,0.402481972161695,-0.00553937130812532,0.00105766573881616,0.0053693293448307,0.00362508938842771,0.00333519116219792,2.47803893372159,-0.00157410659693769
"2007-12",-0.236835606603711,0.000195696999999995,0.00194516600175278,0.242996513619005,-4.6253234650115,0.201240986080805,0.00492444482853416,0.00265890637773447,-0.000611046597988607,0.0049469525500779,0.0007882856805602,2.47911074986931,-0.0184630218377027
"2008-01",-0.282788171187773,0.000462476999999906,0.00302390999774107,0.264224291835006,-8.31689618356521,-0.201240986080805,0.00236796403697248,0.00669295967054762,0.00262573000954136,-0.0056334774734821,0.0230115958493232,2.6388113558921,0.0806308159987257
"2008-02",-0.464234933664262,0.000600132000000086,0.00323803694062759,0.237927638113007,-9.1855015291073,0.201240986080805,-0.00101209529884683,-0.00482691764878063,-0.00100651011374098,0.0156666059662524,-0.00170980372875281,2.6388113558921,0.0150973527424605
"2008-03",-1.16443771359608,-0.000180991000000019,0.00198459156821426,0.149335270514996,13.658819058649,0.100620493040296,-0.000986821888509182,-0.000890322537657195,0.00200783299709228,0.0335790600083385,0.0048644079221298,2.95714075178971,-0.0353607473921146
"2008-04",9.42396100482289,0.00119136399999997,0.00362449995401826,0.012427356315996,9.8369555382639,1.00620493040421,0.00388264320950849,0.00211511530960151,-0.000634885085547654,0.0447942382799744,0.00235489494337388,2.95714075178979,0.0173499598554798
"2008-05",1.17029554689613,-0.00269282900000001,-0.0025725363095657,-0.154278275061003,9.3809377318542,0.10062049304041,-0.00747506052957692,0.00182263354996892,0.00298709668855857,0.056860739632053,0.00168857008220342,3.03859877902271,0.0741352734447254
"2008-06",0.686543112329707,0.00200406500000005,0.00492386109089561,-0.348512770686995,-2.6492463039032,8.5265128291212e-14,-0.00558826277895785,-0.00222296420933765,0.00259141211501412,-0.0068357750106205,0.0024083262329667,3.1189849901081,0.0285740526019722
"2008-07",0.512991985799954,-0.000159923000000006,0.00169392872253628,-0.602949789960903,18.2189971227448,0.201240986080705,0.00130135732975978,0.00187530906361655,0.000729826739541029,0.0007221426661257,0.0107468116356616,3.27761377998301,0.0313518460645565
"2008-08",0.416404389412195,0.00122656899999996,0.00390359377612688,-0.958197536026901,-6.25395848790291,0.503102465202204,-0.00534008260393359,0.000520904102346398,0.000524012114132111,0.00015308783257055,-0.0202335538905393,3.3579999910682,-0.0520967480114712
"2008-09",0.341440763221603,-0.00207415699999991,-0.00136264409132405,-1.43152319162721,4.7338991332042,-9.9475983006414e-14,-0.00275841038057401,-0.000844004011752886,0.000198847334460739,-0.052898450684715,0.012180115815346,3.2776137799829,-0.0397643593519883
"2008-10",0.265892361390748,-0.000651568000000102,0.000791004117490898,-1.97839803817601,-3.1269792439515,0,-0.00282063494829565,0.00187649557855973,0.00094477808057003,-0.0141205440849563,0.00124427051676737,3.3579999910682,-0.13387549341323
"2008-11",0.192121794112213,-0.00149770199999999,-0.000567003424856286,-2.5222346855989,16.4383561643836,-0.100620493040395,-0.00552804080360125,0.000544276108015218,-0.00031743520910188,-0.0298665317988944,-0.00721973785227298,3.51770059709091,-0.0881149791346365
"2008-12",0.12213523433467,-0.000700678999999926,0.000701983366432228,-2.97890955649471,0.955465880096298,0,-0.00714638885872521,-0.00093022853014324,0.000721857649196078,-0.0144038145584696,0.0160770582136779,3.4383862021535,0.033178280570233
"2009-01",0.0570433179770731,-0.001142588,0.000283152872432412,-3.2815724346772,-8.5340475199508,-0.10062049304041,0.00397604952689123,0.00474706491723142,-0.00293959939908583,0.0172480312569195,-0.0238263159616291,3.1982993850454,-0.0772806084536594
"2009-02",-0.00795705052698692,-0.000619412000000041,0.00111695846374631,-3.3789531706622,11.0747181556613,-0.503102465202105,-0.00404131375937455,-0.000370983177387263,-0.00274579035528433,-0.0179210793734799,0.020174206271206,2.95821256793749,-0.0705837767847274
"2009-03",-0.0776304177668684,-0.0032304649999999,-0.00309331942247504,-3.24479753668921,-4.9727656032283,-0.100620493040296,-0.00810381401744698,-0.00320096391388358,-5.47825432886118e-05,-0.0225253445619741,-0.008141177778084,2.3194101438467,0.066837696868788
"2009-04",-0.153382143358066,0.000456114999999979,0.00219507078321945,-2.9021121206533,0.086860534554198,-0.50310246520219,-0.00390318926441413,0.00161016369587275,0.00306270883630155,-0.0220061633686443,-0.0218685998530801,2.2379521166136,0.0216584651155383
"2009-05",-0.247973318844106,-0.00209422300000006,-0.00193023729553183,-2.38968142466599,-17.3721069108412,8.5265128291212e-14,-0.00369440717735803,-0.000878736166108562,0.00094151037594048,-0.0647808473031767,-0.000904583017990148,1.99786529950569,0.058672236684177
"2009-06",-0.392768901888439,-0.001925073,-0.00166962850528329,-1.74361878053151,8.4906172526736,-1.60992788864669,-0.00131833146558247,0.0137658420829185,0.0127537454108337,-0.0345731620647317,0.00138106072028601,1.91747908842029,-0.0475433249407365
"2009-07",-0.694681276593435,0.00152928699999999,0.00411168589825904,-0.991159319102891,3.8870089213008,2.21365084688921,-0.00922444732049166,-0.0053397276793542,-0.000818732315530646,0.0409083792686318,-0.0124365413454561,1.91962272071589,0.0925519416275042
"2009-08",-2.25355692310253,-0.00155846000000004,-0.000909439349157518,-0.156282251954792,9.880385805541,-0.503102465202105,0.00209211835736633,0.00788164120965962,0.00275231234282969,0.00892043924341251,0.0132319616588567,1.91962272071599,-0.0412026883622214
"2009-09",1.67167173674934,0.000233556000000079,0.00199777091977765,0.726991643077795,-14.8531514087693,0.100620493040395,0.00788140828371775,0.00635154353993417,0.00137895909797825,0.0154609320904615,-0.0112410266295744,1.83923650963079,0.0261204492126972
"2009-10",0.56202653464822,-0.000241142000000028,0.000874648919453066,1.595359807104,6.4711098242884,0.3018614791213,-0.0083727341771791,-0.00299058336122149,0.000376353233342286,0.0021472594594355,-0.00495590547484111,1.7599221146932,0.00986581910747408
"2009-11",0.312149718470429,0.000938298999999976,0.0027919771227806,2.37290712987389,-2.97497330848161,-0.100620493040509,0.00625847164919535,0.00276274149459965,0.00157465422633174,0.0470138825973314,0.00847810186305423,1.5991496925228,0.0565943690454151
"2009-12",0.192329216069876,0.00125383800000001,0.00330039959558311,2.9888431651467,15.4394600170102,-0.100620493040395,0.00560211435190339,-0.00246967155919786,-0.00258626180396437,0.0104372892804689,-0.0141528686398065,1.5991496925227,0.141226261237583
"2010-01",0.108490759521998,0.00180574,0.00458163542228879,3.40176925307121,26.6878992417799,-0.50310246520209,0.00649115477551532,-0.000777765687445697,-0.0023058375465701,-0.0191720899137922,0.0082354262762796,1.83923650963079,-0.0736379634113214
"2010-02",0.0349053408901907,-0.00199928599999999,-0.00158224491635011,3.5874153589062,24.3643799424549,0.402481972161695,-0.00333617683945664,0.00387734597023726,0.00302214113663646,0.00813944771456464,-0.0276596073258075,1.9432026759677,-0.0248992809424244
"2010-03",-0.0367899522814127,-0.000670457000000013,0.000560018337600618,3.54098125867421,17.0898101735401,0.201240986080805,0.015109442387454,0.00918074437295124,0.00307760174031735,-0.0016813933508949,-0.0104234319235971,1.5552052304628,0.0557378763908321
"2010-04",-0.10409768360676,-2.63609999999748e-05,0.00106385248258277,3.29583190289431,14.3971336023597,-0.804963944323305,0.0095983460870146,0.00703498175987671,0.00228447891748806,-0.00992436356701187,0.0156652500653041,1.57878518571441,-0.0145641889381517
"2010-05",-0.171258483773106,-0.000545240999999974,0.000220480756509327,2.90198851868699,15.1354481460704,0.100620493040395,0.00552144625284434,0.0054300391966291,0.00536525189193404,-0.012153656740321,0.00325921951874377,1.76099393084101,-0.0812617820786729
"2010-06",-0.242815777204177,0.00234312599999997,0.00491098590753851,2.41893149298551,8.4906172526737,1.30806640952541,0.00170729888779997,-0.00435873696246702,-0.00705200555985108,0.0148782266564315,-0.00270448875892149,1.68060771975581,0.118105712409718
"2010-07",-0.317583422509704,0.000740430000000014,0.00238372896268591,1.9191247574078,6.3408190224571,-2.21365084688921,0.00765372158341004,0.0053515891725513,0.00319652334459097,-0.0301645328717792,0.0047986122677201,1.6345196254003,-0.0470527783894884
"2010-08",-0.390940354158811,0.00161898399999993,0.00380108147056542,1.4673474139597,31.7475253795624,-0.3018614791212,0.0107157555163178,0.0031891218448552,-0.00594431864710232,-0.00567979225941595,0.00255840272305192,1.5669952080886,-0.0062779232783855
"2010-09",-0.446776318352926,0.000813687000000063,0.00249449367432655,1.1012704923164,10.2061128101193,-0.100620493040395,-0.00814606535533635,-0.00042010109176549,0.00224216973896052,0.0491931172053132,-0.00046245474700074,1.65809958065191,0.0616901153702052
"2010-10",-0.476661529950358,0.000173044999999927,0.00145628620670623,0.808624232859998,22.6488843850093,-0.100620493040495,-0.00179962703458381,0.00124334209121479,0.00244935847269967,0.0140530548844973,-0.00277311205903157,1.57771336956671,0.094709046216749
"2010-11",-0.478454817641563,0.00252685200000002,0.00524419709738557,0.552966365006,14.0714065977815,0.3018614791213,0.00568523809336186,0.00498679535278468,0.00189671401176894,-0.0281623236002219,-0.00631459365770782,1.6816795359036,-0.0630828914751949
"2010-12",-0.604087583252284,-0.000445362000000005,0.000460760547911984,0.294207751795,23.0831870577804,0.201240986080791,0.00300466934254762,0.00339892763303551,0.0050103828859831,0.0102712314505161,-0.00262349353103159,1.69132588123389,0.0371354673373989
"2011-01",-2.08777701532188,0.000781731000000008,0.00278048997419633,0.00650650230498684,-5.73279528057761,0.804963944323404,-0.00380631305818147,-0.00319757890276395,0.000706586168813805,0.0296892477299827,-0.00247625848786409,1.8285183481526,0.00334034959275198
"2011-02",3.36279010350117,-0.002339062,-0.00222632803895852,-0.318918419807005,-4.99448073686681,0.3018614791212,0.0075273494096586,0.00494349156280105,0.00355698694790085,-0.00423798267787801,0.00192825504497933,2.10183146584251,-0.0994778127422812
"2011-03",1.14946259860975,0.00130003200000006,0.00361298808817983,-0.668883379401009,46.6658221892475,-0.201240986080805,-0.00523065638320863,0.00255844689588702,0.00391029721857028,-0.0047057669115231,0.00875429482138701,2.3762163996802,0.0616081941683653
"2011-04",0.60276614807717,-0.00259016100000009,-0.0029528634527038,-1.00062203119501,14.6794303396609,0.402481972161695,-0.00503180091796307,0.00184425268867217,0.00547452001126159,-0.0168257100298658,-0.00088570321406595,2.4673207722436,0.00147884888311123
"2011-05",0.323824228290074,-0.00120977199999994,-0.000746422900815648,-1.26742677325039,36.0905521072732,-8.5265128291212e-14,0.00627206319077711,0.00561988707100358,0.00298844389033204,-0.0016066545552262,0.00276457373740898,2.4683925883914,0.0403105760184823
"2011-06",0.151717157633956,0.00109856699999999,0.00297638525723705,-1.44560626715671,38.7832286784535,0,0.00148207530280242,0.00531167688746659,0.00452035578070875,0.00531033590974357,-0.00199574870099193,2.6516731496658,-0.00304494150507106
"2011-07",0.0564194716760302,-0.000552654000000041,0.000312090881949057,-1.56611880409351,12.9205045149382,-0.503102465202005,-0.00883097090424756,-0.000311645306608876,0.00166146162784031,0.0156234053543981,-0.00401890417093886,2.6516731496657,-0.00384650714187296
"2011-08",0.0115425077738138,-0.000282106000000004,0.000794613811757875,-1.6759806011881,5.4722136769154,0,0.00565115187800358,0.00310592175083624,0.00237497363388939,0.0124370792666508,-3.1805716052585e-05,2.74170570608121,0.00285855896354192
"2011-09",0.00395645745132001,0.000825870000000006,0.00258175809931439,-1.8038383290082,2.41037983387919,0.3018614791212,-0.0202135834701653,-0.0104468199357196,-0.00548929051040481,-0.046500674710591,-0.00401884390699423,2.4683925883913,-0.0187460490776392
"2011-10",0.0189477213674025,-0.000828198000000002,0.000178553044242641,-1.9263338746817,4.1693056586019,-0.40248197216161,0.0144231177417429,0.00962555891722161,0.00919807214951951,0.005374101430453,0.00101956254320807,2.5584251448068,-0.0097336425609672
"2011-11",0.0396974341997633,-0.000780822999999931,0.000251097958448526,-1.9923047181137,4.6253234650115,-0.50310246520209,0.00241130206990681,0.000468736660676816,0.000382019748986107,0.0149107688438984,-0.00103999313783484,2.4673207722435,0.0187596844209457
"2011-12",0.0442568857879917,-0.002169529,-0.0019983338027936,-1.9474021497181,-4.4733175295417,-0.100620493040395,0.00757266429857029,0.00256360546668044,0.0013541355047193,-0.0086247811515508,0.0018596178135814,2.5594969609546,0.0146292189622543
"2012-01",0.00863409107382651,0.00296382799999995,0.006588472468161,-1.76280226621569,12.7250683121912,-0.201240986080904,-0.0101924556810661,-0.00218842710584621,0.00514335691825551,-0.0507939961036344,-0.0275880869130438,2.28511202711701,-0.0210667246449783
"2012-02",-0.0683153169802387,-0.00301461999999997,-0.00309481232802764,-1.43032550160879,13.3113769204321,-0.3018614791212,0.00864490390821282,0.00511830831183224,0.00134006294136468,0.0115580227562886,0.00098398129389974,2.10183146584259,0.0788329358956377
"2012-03",-0.181221236971194,0.00237375100000004,0.00562473516084285,-0.967620430339494,-64.1465047682816,0,-0.00760338192011156,0.00209457698339466,0.00626398275425344,0.006659223300971,-0.0455709312688749,1.3526319785279,-0.0438607896675768
"2012-04",-0.319528274188281,-0.00151217800000003,-0.00103266193134,-0.433997254940394,-14.2885579341669,0.100620493040608,-0.00325236174945109,-0.000276103644028636,0.00262442452796319,0.00769534796663934,0.00725525006071532,1.2615276059646,-0.0221204841122342
"2012-05",-0.518894299454996,0.00152413900000004,0.0038793212948727,0.0968899808634944,-36.8940120518996,-0.201240986080805,0.00634913732781928,0.00438871878767966,0.00295109213044742,0.0165425748130488,-0.00620314239178442,1.2057931662788,0.0132457238214434
"2012-06",-0.969606466114784,-0.002203591,-0.0021542477702313,0.559243968578599,-39.4129675539715,-0.100620493040807,0.0017125672176399,-0.000610412761085199,-0.00240094887922204,-0.00943610286696931,0.000201424187490377,1.14148419741059,0.0426831360439184
"2012-07",-23.3123756483065,-0.000427085999999965,0.000779498335711219,0.917500336480501,-1.82407122563841,0.201240986081302,0.005851162725107,0.000570958534500843,-0.000651594151129031,-0.0169187721631204,-0.0126871683093252,1.0868215738727,-0.0244276986190178
"2012-08",0.525627726907457,-0.000271319000000103,0.00102966455618343,1.1520214762121,-5.60250447874671,0.201240986080705,0.0043358606749011,0.00114913420733309,-0.00247768315150199,-0.0141846011411228,0.005561122232705,1.0782470446903,-0.0174949404092647
"2012-09",-0.00494935261066776,0.000815956000000062,0.00279315439393405,1.2522529327492,10.2061128101192,-1.2074459164851,0.00360669120073331,0.00314535126606086,0.00241432363782379,0.0190489787754864,0.014448192828963,1.20579316627889,0.0884029112881077
"2012-10",-0.241814364727742,-0.000888109000000026,-6.62510921342005e-05,1.21875646208571,-9.68494960279401,0.100620493040296,0.00304940207547788,0.00166749542960387,-0.00222482440384175,-0.0143138430762705,0.00234937058910876,1.2711739512949,-0.038955303914456
"2012-11",-0.42184591174158,-0.00120226099999998,-0.000580362226036473,1.0595596590807,-15.1354481460705,0.100620493040495,0.00238960860908444,-0.00311640506248456,-0.00510869480888321,-0.0205742643897424,-0.00513016249748436,1.1789977625838,0.0179642028795239
"2012-12",-0.585770947735969,-0.000337750999999997,0.000820667283335414,0.796106240435108,46.1446589819219,-0.50310246520209,-0.0103451980238144,0.000687621631305202,0.00530603490411674,-0.00736603659590713,0.00066308230535726,1.188644107914,0.021645207746706
"2013-01",-0.698968225545296,0.00262026400000004,0.00592873480379609,0.478232815379499,-2.12808309657801,-0.201240986080805,0.0132241878387931,0.00456788290186427,-0.00076708747027554,0.00741320220315558,0.0222455640475556,1.4437363510912,-0.0143383126446455
"2013-02",0.209511095336766,-0.000874876000000024,0.000239888081559411,0.160669491024493,-25.4284214907439,-0.402481972161695,-0.0112326186742957,-0.00269840039014979,0.000704622727681681,-0.000859335034397302,-0.00253067531444898,1.4544545125692,0.0115478617244948
"2013-03",1.61488075880232,-0.00268952100000008,-0.00271196068932112,-0.116548656972199,10.9661424874686,0.201240986080805,0.00800738046687788,0.00542083870960464,0.00227608299156534,-0.0254219046706751,0.0207789856321242,1.65381231606079,-0.0562993912153537
"2013-04",0.602957268367772,0.000933330000000065,0.00282522265942296,-0.347688514531711,16.2646350952751,-0.704343451283108,0.0110000069934746,0.00746210615673459,0.00454384817381603,0.00467633338355805,-0.00736808917718233,1.62701691236559,-0.0260389298212269
"2013-05",0.0583905217541492,-0.00119007999999998,-0.000635722269559176,-0.54004291008259,12.6816380449142,0,-0.0036100866019243,0.00383645161417556,0.00305714998736373,-0.00031525108059376,0.0132434726661146,1.6645304775388,0.0271712927887595
"2013-06",-0.265233986386278,-4.37790000000771e-05,0.00122859006854907,-0.695958770945794,55.5907421146925,0.503102465202502,0.00235347118183871,0.00168286375549509,0.00127439375845095,0.00962174047160162,0.00278830521268776,1.53591253980241,-0.0292352566466624
"2013-07",-0.11322450753822,-0.0016170379999999,-0.00128278002138702,-0.797645490653395,16.0474837588892,-0.100620493041305,-0.00236602258333241,0.000664971013894844,0.00130044086168124,0.00204566976584022,0.0124884471385069,1.4448081672391,0.043665457894434
"2013-08",1.05055416358472,-0.00073323500000011,0.000153976457428556,-0.820859916726903,-2.6492463039033,-0.201240986079995,-0.0034619895309097,0.0020175719019262,0.00325617659733601,0.0195246999699699,-0.0462909117662145,1.4533826964215,0.00187517924507485
"2013-09",1.24904212491273,0.000128727999999967,0.00156244438266974,-0.752479188900196,2.0412225620239,1.3080664095254,0.00753846562309213,0.00662440464731673,0.00400006187779511,-0.00488860686556573,0.0312694331518478,1.39872007288351,-0.0319945391289029
"2013-10",0.663413491061292,-0.000947258999999923,-0.000536232922283526,-0.613701027505201,53.5495195526686,0.100620493040509,0.00617279269466064,0.00169112705588104,0.000187651457749904,0.0127806514001879,0.00405893355006135,1.32583657483289,0.0135915925479402
"2013-11",0.270159567676971,-0.00181223200000002,-0.00195753488734654,-0.441658878288706,2.6492463039033,-1.98951966012828e-13,0.00126114052333559,0.00275126592714847,0.00502615684584495,0.00315455184814222,0.00515563248461594,1.28832300965979,0.16286454885151
"2013-12",-0.00373159391951605,-0.00237367200000005,-0.00289062792201831,-0.276081069755406,-39.0438102821155,0.201240986080791,0.000560418874861579,0.00304096469532511,0.00145142175667368,-0.0137838577262648,-0.0038231131155625,1.2336603861218,-0.102691279636402
"2014-01",-0.205579812182933,0.000974829000000121,0.00330256162147005,-0.148325201297411,-0.521163207325301,0.201240986080805,0.00395876965690745,0.00596638906854574,0.00690621114320322,0.00520347607170753,-0.00361761832550724,1.20686498242669,-0.0172923679144845
"2014-02",-0.40798597516402,8.76999999999128e-05,0.00183398400291602,-0.0764986818386006,41.6930565860192,0.100620493040495,0.00322045651646063,0.00396979721126245,0.00354167103187386,-0.022569949758089,0.00489811276359389,1.0514516409953,0.031034897845285
"2014-03",-0.722873819525653,0.00191973300000003,0.00485199402106742,-0.0578444423262994,10.94442735383,-0.402481972161709,0.000994501023994676,-0.00126415599334884,-0.000502604466408929,0.015350022033322,0.0230162266586898,1.42658729272641,0.0428691212838448
"2014-04",-2.10041240215756,-0.00026967,0.000533038761306318,-0.0570884730882995,-1.08575668192759,0.704343451283108,0.00541737436556899,0.00481111246295196,0.00278141071878402,0.00619153102795914,0.00369453546108401,1.58092881801011,0.0105540628562124
"2014-05",1.08164638462605,-0.00174504799999997,-0.0018925460870174,-0.0303420530109122,-10.7489911510831,0.100620493039997,0.00522754823231031,-0.00336034503179439,-0.00738239429312093,-0.0028605845642019,-0.00939394520959877,1.5627079434974,-0.0109473981045995
"2014-06",0.0922601868505348,0.000334912999999992,0.00152599124659692,0.0523099223229906,-66.6003148694382,-0.503102465201493,0.00463910861555816,0.00134975600266585,0.000842915800856492,0.00952608951142245,-0.00164012520846627,1.5359125398023,-0.0169745229415718
"2014-07",-0.132848854615405,4.09300000003832e-06,0.00124135584716833,0.182386427355894,-11.53073596207,-0.301861479121698,0.00522569159326292,0.00477676792993154,0.00525323276543044,-0.00335286520463957,0.000198721170818255,1.69025406508599,0.010793565294855
"2014-08",-0.154146688417299,-0.000671512000000041,0.000126645556659493,0.334950982298409,-11.7478872984564,-0.30186147912201,0.00207490354005446,0.000828401984610094,0.00504994867404673,-0.0259772394659876,0.0407265292833806,1.66345866139091,-0.00358676381672662
"2014-09",-0.0257286579403647,-0.000737739000000071,1.48355261817375e-05,0.487185786919198,5.2767774741681,1.00897068477934e-12,-0.00182536775619602,0.00324812616064052,-0.00124517925515788,-0.0134304509764888,-0.0466826577700933,1.65381231606069,-0.0261439252913166
"2014-10",-0.0460437816260961,-0.000894847999999948,-0.000371051783513177,0.635393189309198,-74.0920359747384,0.201240986079995,-0.000262000235262572,-0.000261757993883172,0.000304435942151793,5.3156493392299e-05,-0.00535368247316313,1.6270169123656,0.00371743285914938
"2014-11",-0.385208371856413,-0.000668497000000046,-2.46098772467875e-08,0.783611927791711,22.8660357213948,3.97903932025656e-13,0.000458133967297325,0.00414228706321085,0.00224470332751725,0.00913524514064121,-0.00551948570873312,1.58092881801001,-0.0255784345703434
"2014-12",-1.51840239458006,0.0019681290000001,0.00436189080631027,0.932570915180406,41.1501782450555,0.3018614791213,0.00565067694610155,-8.93640358144987e-05,-0.00155480486364035,0.00241920693751664,0.00356524013448512,1.5273380106199,0.0460857358816542
"2015-01",4.17889328537482,-0.000315445999999997,0.00102527949087031,1.0686933557196,-5.711080146939,-0.402481972161397,0.00154010307851249,0.00575092385723597,0.00404320244595557,-0.0204069925873147,0.0214839792485538,1.6516686837651,-0.00662689155432605
"2015-02",0.850928622823194,0.00247777699999996,0.00563557326804988,1.16842279975791,-3.80014838674701,-0.402481972161794,0.00396729402177232,0.00308922094173636,0.0023871293033344,0.0264448703885312,-0.00587626282530213,1.61308330244411,-0.00524751652188371
"2015-03",0.370850525932939,0.000109488999999963,0.0017213115426745,1.203526534118,28.967988273828,0.201240986080904,-0.000919811135198567,-0.00448749773808499,-0.00307754399916849,-0.0277783633021816,-0.0046007723630582,1.63130417695679,-0.0269609635332337
"2015-04",0.15546916313833,-0.000660671999999973,-7.92572531167838e-05,1.14906928280841,3.9521543222164,-4.12114786740858e-13,0.00894474078202689,0.00264701726407379,-0.00127137933686694,-0.00418536150765154,-0.00456142215087061,1.6109396701486,0.0344927536231885
"2015-05",0.0133531883550642,0.001725753,0.00384521846085007,0.987330250403403,36.2642731763815,1.00897068477934e-12,-0.00337310019387294,0.00203251956216866,0.00298686646728474,0.0167280203813863,-0.00245778105893245,1.6045087732618,-0.0444153876487864
"2015-06",-0.10482416788787,-0.000782256000000037,-0.000278925432796831,0.718209423242911,57.1542317366682,-1.00897068477934e-12,0.00262790739705676,0.000440463137440616,-0.00183871450676021,-0.0159540735178489,-0.00384011258749249,1.6002215086705,0.0200254118566945
"2015-07",-0.21029355583252,0.000789569000000045,0.00251706720124527,0.377395222277897,12.573062376721,0.301861479121996,0.00994977585449974,0.00504370237400198,0.00112854510768035,0.0107122195825668,-0.000810049046805186,1.95820810203681,-0.0237737817666912
"2015-08",-0.316401826122414,-0.000138117999999965,0.000991149821155734,0.0163352407138859,10.510124681059,0,-0.000408620094491385,0.00291693499478218,0.00255122412559561,-0.0092161738996657,0.00395705861595461,1.96249536662829,0.0176565533186468
"2015-09",-0.436943614437573,-0.000105428000000019,0.00104353615376876,-0.312589509276805,-16.0691988925282,-0.603722958242997,-0.00184470942154602,0.00389165380953904,0.00395245350277018,0.0124894444175049,-0.00428786137388395,1.91104819153351,-0.0355684631294675
"2015-10",-0.594009861921323,0.00330147399999992,0.00654088596837455,-0.5693828732241,23.3654837950815,-0.503102465201394,3.89143856249774e-07,0.00155248361503446,0.000585632864296359,-0.0103209347263114,0.00170748195453156,2.02573251934869,0.108740582705514
"2015-11",-0.83539362063704,0.00101380900000003,0.00277521287834374,-0.728874901536614,36.6334304482369,-2.98427949019242e-13,-0.00311868991416264,-0.000508494971751428,0.0020031818588897,-0.00983300546640331,0.00745235730873548,1.99893711565339,-0.0872218881539387
"2015-12",-1.65260345711397,-0.000410100999999941,0.000450149781941675,-0.788292962024002,-17.198385841733,-0.3018614791213,0.00355059761238596,0.00516388164328818,0.00311049097226768,-0.00405559415040422,-0.00553771677664496,2.1457759279027,-0.0349813893738266
"2016-01",1.39087537620699,-0.000713370000000046,0.000519239683168092,-0.781771846618895,-0.629738875518001,0.301861479120987,0.00233150977824903,-0.000268624050907995,-0.00155332377080752,0.0244553242578611,0.0088640788751035,2.25938843957,0.026362198632397
"2016-02",2.03727895010444,-0.000241488999999984,0.00128579067980793,-0.751661506729107,2.193228497494,0.201240986081004,-0.00569786445807163,-0.00188203166757861,-0.00144082215800756,-0.0076254150057723,0.00208788643722263,2.4298072070705,-0.0110854913089748
"2016-03",1.45722654604301,-0.000134553999999953,0.00145792350823187,-0.724524675419602,-8.31689618356499,-0.3018614791213,-0.00254763095992472,-0.00261883945302432,-0.000459099886960912,0.0291302041010977,-0.00159432723401329,2.379431848124,0.0245493677697068
"2016-04",0.726856942727707,-0.000357758000000041,0.000550159484295999,-0.688784261819208,29.5108666147919,1.98951966012828e-13,-0.00240026716057828,0.00172460277448261,0.00350800115792405,0.0224888954279517,0.00398514886973255,2.26046025571711,0.0308212433532462
"2016-05",0.325064607879639,-0.000816880999999992,-0.000202153826816154,-0.618078064550701,-14.4622790032757,-5.96855898038484e-13,-0.000213108280809671,0.000348573044688827,0.00389927859759887,-0.00510087438849963,0.0005069320331143,2.3901500096018,-0.00990288170673459
"2016-06",0.0750298739449786,0.000637908999999937,0.00217659427820624,-0.495187561765405,-10.358118745589,0.402481972161695,-0.00143492432801062,0.00382015386583046,0.00451289811256017,-0.00139608361806095,0.00210634448584592,2.4201608617404,0.00932655817842676
"2016-07",-0.0679004049178161,0.000441181000000124,0.00224379108704078,-0.338433272076301,14.657715206022,0.100620493041006,0.0018402890029845,0.00113699376820997,0.00203037711068887,-0.0119544064823195,-0.00237119654962508,2.148991376346,0.0122036706602091
"2016-08",-0.153041450028609,-0.00208181400000007,-0.00188406944095073,-0.179241404345092,38.3923562729594,-0.100620493040992,0.00702851071246791,0.000790115893001042,0.00213781180793449,0.0315315169822722,-0.0051125313609282,2.19936673529301,0.00300101782772488
"2016-09",-0.2179285055391,-0.00184777000000003,-0.00151401273818411,-0.0420960244917978,18.305857657299,0.20124098608099,-0.00568406424994217,-0.00235956929379744,-0.00107744797131781,0.0392693969487421,0.00545540995033152,2.230449403579,0.0460627491186041
"2016-10",-0.36966857656852,0.000909173000000041,0.00276777114435808,0.0753811937331079,-41.5193355169106,0.402481972161397,-0.00293254512343233,0.00118092219616805,0.00162938076350505,-0.000629727755098202,-0.0031567705551042,2.079323326739,-0.0467646764676468
"2016-11",-0.878313093514713,0.000377609000000056,0.00189063788791807,0.191151493139614,-41.6930565860194,-0.201240986080393,0.00563976684826506,0.000751115823674597,-0.00213999299573919,-0.00717694546039188,-0.0020570329612611,2.09968783354701,-0.0130306146001636
"2016-12",-10.5132293932899,0.000117439999999913,0.00146163877010248,0.328942515432999,-12.29076563942,0.100620493040495,-0.00101429038117007,0.00369755969453633,0.00579690478479655,0.030834397896028,-0.0034461687043707,2.060030636078,-0.0566055787056723
"2017-01",1.39391163950708,-5.28020000000184e-05,0.0017836586975293,0.50860674596089,18.5012938600459,-0.402481972161695,-0.00343689216405352,-0.00207036284801154,-0.000466852822308517,0.0194574185752033,0.0059662525462426,2.300117453186,0.136804624381669
"2017-02",0.642747609821149,-0.001085106,8.46023278112864e-05,0.739330403324104,-26.9701959790811,0.100620493040296,0.0127615098814147,0.00181151911725896,-0.00197688694719722,-0.0014681485843551,-0.00245828517368759,2.18007404463199,-0.010100309253826
"2017-03",0.380922370809941,0.00208065099999999,0.00528685191276927,1.0098912644486,0.781744810986993,0.201240986080904,0.000759868540348263,0.00613840280501576,0.0055966312190725,-0.011298579085199,-0.00243669034301637,2.129698685685,0.0279866625279115
"2017-04",0.233004317593955,0.00193207200000001,0.00433535331860821,1.2753071927022,-32.4641247896349,0.201240986080805,0.00351493360371946,0.00141253456810797,-0.00180163763846075,-0.0204551671650558,-0.00440972676302013,2.25938843957,-0.00285397023299305
"2017-05",0.126788511212034,0.000566708000000027,0.00209382922738071,1.47789162750171,0.0434302672771025,-0.201240986080805,0.00607460881962063,0.00158199144256788,-0.00177721660108199,0.0138971661986637,0.00173485642455298,2.009655277131,0.0147405026814234
"2017-06",0.0382899919235402,0.00132619,0.00333094875523915,1.56873729807239,18.153851721829,-0.905584437363402,0.00352377422403616,-0.00043639164363185,-0.00266950771410246,-0.00393046416261344,-0.00487560199929791,1.81994381897,-0.0113207547169811
"2017-07",-0.0399456003990649,0.000404519000000048,0.00209476808534522,1.5337704630159,25.232985287997,-4.9737991503207e-13,-0.00181525095194679,0.00205863612933599,0.00430696192894331,0.00991627404233801,0.00563693862435198,2.00108074794899,0.0493456924754634
"2017-08",-0.120077859680437,0.00192720499999999,0.00454834668567629,1.38192240563269,-18.631584661877,0.402481972161894,-0.00828893302171851,-0.000866158477999202,0.00164533921127141,-0.0015016052321914,-0.000651587861632093,1.93034088219399,-0.0602661173588688
"2017-09",-0.216583931779833,0.000700275000000028,0.00254569793551952,1.14239190766661,-0.998896147373401,0.201240986080705,0.0034256066935423,0.00101505137398439,0.000652803800619939,-0.0260333501996991,-0.000979755149217451,1.870319177917,0.0487178727647937
"2017-10",-0.350624660652495,-2.27000000008193e-06,0.00102168306561391,0.870355225474995,44.2988726226452,-0.201240986080393,-0.00107679981507081,-0.00197329123649759,-0.00044152771326289,-0.0315152200748505,0.00418557185685703,2.07074879755601,0.0860645319223057
"2017-11",-0.593931228716237,0.001847767,0.00401799676690976,0.624003405841989,12.9205045149384,0.301861479120888,0.000819202762831983,0.000630681423820389,-0.00156088140054467,0.0141847023922732,-0.005597705288482,1.77064027617099,-0.0577189818988835
"2017-12",-1.40630767897642,0.00100844200000005,0.00265228572708099,0.443961871914993,14.896581676046,0.10062049304031,0.00676556583551235,0.003686975899728,0.000767829815120358,-0.0215122882618427,0.00577100020420542,1.739557607885,0.036625756711502
"2018-01",2.73382870641498,0.000740244000000057,0.00302073835331611,0.330909552413004,-6.1888130869872,0.503102465202105,0.00315872746132495,0.00203342698394104,0.000479780824323317,-0.0256066064514253,-0.0332373198678648,1.33012383942399,0.0077035722209895
"2018-02",0.393907076642546,-0.00141655600000001,-0.000460901088546177,0.266628923413009,-4.40817212862601,0.603722958242599,-0.0055127336627645,-0.00716876043209624,-0.00623752869637562,0.0232470517995551,0.00282188361476992,1.67953590360801,-0.0192702324229587
"2018-03",-0.00901593546529977,-0.000376986999999995,0.00121016417439814,0.230279767560006,-3.452706248529,0.402481972161794,-0.00193558026687912,0.00712771427600023,0.00793110740722702,-0.0170492162216297,0.00196560560040047,1.78993296683201,-0.011979704548516
"2018-04",-0.236472004070251,0.000136106999999996,0.0014108034748569,0.211199340912003,0.282296737301195,-0.804963944323703,-0.0069315853576204,0.000310513719417926,0.00226323141501039,0.0149869121503055,0.00675165069797263,1.75027576936299,0.00925277901491528
"2018-05",-0.460709272302639,-0.000946735000000087,-0.000339949677759529,0.206587067434,1.4331988201444,0.402481972161397,-0.00206699491689255,-0.00177050833982006,-0.00252678067370249,-0.0180189833268385,-0.00470392932771177,1.870319177917,-0.0122119255396752
"2018-06",-0.885253947621838,0.00335018799999998,0.00660827281015591,0.217966375837008,-38.6746530102607,0.402481972161709,-0.00223442604407875,0.00116596492563681,0.00190496362768999,-0.0033522493110442,0.00665768663159516,1.84995467110899,0.0110500259839721
"2018-07",-6.99933223198275,-0.00159589799999993,-0.00103429330452881,0.246618919626002,-40.7810209732,-0.201240986080506,0.00287711204610863,-0.00153754050320909,-0.00326391027222372,0.0302512042264465,-0.00506150232817915,1.52948164291601,-0.00358898056720325
"2018-08",0.998175716870717,0.00138396600000001,0.00376590368310708,0.292253395962007,-3.995584589494,9.9475983006414e-14,-0.0031648659912995,-0.00191957334170167,-0.00177259085858805,0.0260096005654978,0.0033636664040839,1.62058601547801,0.0113939744970453
"2018-09",0.411090966526457,-0.000296950000000074,0.00105180524514098,0.350433286495999,-38.1752049365737,-0.100620493040694,0.0120670807749137,0.00505422915876563,0.000704216221396603,0.0075029587324149,0.000939427404638321,1.69990041041599,0.0200257704284335
"2018-10",0.218254687887576,0.00110566100000009,0.00294213323706082,0.408778241501992,39.4346826876093,0.201240986081388,-9.81454446318253e-05,0.00177166225246284,-0.000116955982167544,-0.0119437796366205,-0.00469650302670978,1.559492495054,-0.0325280277909363
"2018-11",0.0984107229807607,0.000657321999999905,0.00221687990913867,0.448817696068005,-4.36474186134899,-0.201240986081189,-0.00581611825593686,0.00248689238047772,0.00429839334819704,-0.0249022625854685,0.00637332265795359,1.769568460024,-0.0293781622327404
"2018-12",-0.0156381433553548,-0.000107693999999992,0.000985887761580506,0.44781283816701,2.49724036843399,4.9737991503207e-13,-0.00452099523123195,-0.000672132156223748,-0.00115829747175866,0.017401706518513,-0.00280905085687082,1.600221508671,0.0308839190628327
"2019-01",-0.164458172287975,0.000680926000000026,0.0028476798607605,0.381866519159999,29.8148784857314,0.100620493039997,-0.00957513064996918,0.00098237729749151,0.00438325770852432,-0.0178432904461094,0.0076600362254197,1.47053175478601,-0.0205342902711324
"2019-02",-0.422420086717501,-0.001086802,5.52409967464263e-06,0.229758169817998,13.8759703950345,-0.402481972161297,-0.00260477726691055,0.000732871802610946,0.00318216284890482,-0.0592029515124151,-0.00070939426307277,1.489824445447,-0.0304942360712765
"2019-03",-1.15592090655539,0.000544355000000052,0.00262263211117404,-0.0185987128670035,-20.2167894174918,-0.2012409860817,0.0031792674280513,0.00709094569651536,0.00823164286710543,0.0276438980808787,-0.00057878301460665,1.11040152912399,0.0931672869548621
"2019-04",9.57371083384561,0.00102130099999997,0.00264363132938398,-0.347560159522999,3.1269792439514,0.603722958242997,-0.000625256728839507,0.000916652249537409,0.000453508181370355,0.0012538709054454,-0.00023043832571619,0.960347268432002,-0.050448264122284
"2019-05",1.01196546629983,0.000926314999999955,0.00248749154646111,-0.727131514950003,-10.9227122201914,-0.201240986079995,0.00171291323747558,0.000355607868816721,-0.000316082179866561,-0.00952500533184118,0.00396390038592244,0.859596550538996,0.0103057715998309
"2019-06",0.492534561010905,0.000286754999999972,0.00146082722501354,-1.118622649576,1.49834422106011,0.201240986079995,0.00124797749678485,0.000441264923660922,0.000967383820877687,0.0110565057994145,-0.00386755840720419,1.050379824847,0.058373902361345
"2019-07",0.273033980392674,-6.74229999999554e-05,0.00141405807527186,-1.47674003965899,-10.292973344673,-0.503102465201991,-0.0034333129252252,0.000331047305455634,-0.00137533486873143,-0.0396973039864203,0.00333936541730045,1.06967251550699,-0.0801736738027684
"2019-08",0.135782575668256,0.00132181000000009,0.00363555560362992,-1.7640340572131,11.878178100288,0,0.00761843649629146,0.00488521591608726,0.00118185091199297,-0.0323312815393004,-0.00288581872602858,1.079318860838,0.017843622937795
"2019-09",0.0377816998280986,-0.000182555000000084,0.00122569039904733,-1.9678281457129,59.0000180959447,0.100620493040992,-0.00928983404938233,0.000934188415898429,0.0030677311792966,0.0094719997881054,-0.00112722083186844,0.569134374484008,0.00679559939023267
"2019-10",-0.0205400309608686,-0.00206510299999996,-0.0020623382632065,-2.1223254412986,-36.590000180959,-0.201240986081999,0.00447708418239512,0.0042479523723189,0.00201252702849586,0.0275068332008219,0.00260298666860181,0.729906796653992,-0.0648795081817685
"2019-11",-0.0438767946860866,0.000817023999999944,0.00254419640856684,-2.2733340136904,14.440563869637,-0.100620493040012,-0.00107257425338225,-0.000408180960982718,-0.000864365522978638,0.0333003276303919,-0.00197718677265167,0.699895944514992,0.0620068083612137
"2019-12",-0.0377021137972772,-5.73630000000325e-05,0.00114171781691215,-2.44663433955631,61.60583413257,-0.100620493040992,0.00535773422219954,0.00654466670991671,0.00504986063345236,0.0053770758805223,0.00195848064902398,0.720260451323,-0.0124543066551553
"2020-01",-0.0192607312983109,-0.000177969999999972,0.00130878247642042,-2.61670349939619,-4.364741861349,-0.100620493039997,-0.00238294303577979,0.00287219596096744,0.00361771436809732,0.027596709143057,0.00404731842304294,0.557344396857999,-0.021762988039657
"2020-02",-0.00206910200834065,-0.000179142999999993,0.00130443101398016,-2.7338977539915,-4.017299723132,-1.4210854715202e-14,-0.000946265797628798,-0.00548309165875027,-0.00338521063306074,0.005156423479635,0.00026718028726591,0.20900414882199,-0.0962807324447149
"2020-03",2.26852760819561,-0.000926795000000036,0.000103733694393539,-2.582412800854,12.9422196485768,-0.301861479120987,-0.00653740232085698,-0.0224264126269821,-0.0260391625384611,-0.00703663558793542,-0.00256322565800818,0.197214171196009,-0.0653831992004629
"2020-04",0.222770941553333,-0.0290616189999999,-0.046201767282062,-5.8117994439133,-34.7659289553211,-0.804963944323006,-0.00923594107821923,-0.0100601992548167,-0.00721485649690479,-0.00929085120313392,-0.00441528179743437,0.183280561274003,-0.0554254840162089
"2020-05",0.0699735107049992,-0.013486313,-0.0222946719808039,-7.3511118619377,10.4884095474204,-0.100620493041006,-0.000610716249542009,0.00559593553305238,0.00513476296281601,0.0325620430733397,0.00052438230437714,0.154341525283002,-0.0429834596501263
"2020-06",-0.252257810687724,0.01147151,0.0201057717076632,-5.8028325807405,37.6106114619716,-0.301861479120987,0.000739096121045835,0.0059137297762919,0.00301566455090185,-0.0130551675800293,0.00377172101817494,0.248661346291001,-0.0117545978657435
"2020-07",-0.344387618492692,0.00490959400000002,0.00815382400265856,-4.07023533314261,-1.237762617398,0.301861479121001,0.00457840329015369,0.0027147367152518,0.000809486341853294,0.0295697721034496,0.00166716409902177,0.181136928979001,0.0198828198828198
"2020-08",-0.536955170403106,0.00757785700000002,0.0125471603819743,-2.24303621337741,-25.9930149653465,-0.100620493040012,0.00812228630335277,0.00321037349397835,0.00231224601353652,0.0171089361846899,-0.000631395197304938,0.251876794733988,0.0234115365133487
"2020-09",-0.268319430909792,-0.00183878000000004,-0.00315900446320462,-1.2711446874804,12.659922911276,0.201240986080009,-4.40458639213714e-05,-0.00487047167567156,-0.00578449252061308,0.014582637133169,0.00759164918589556,0.646305137124997,0.023998647963495
"2020-10",-0.327757401273019,0.00792821499999996,0.0132599777685311,-0.458227710069693,-5.1682018059753,9.9475983006414e-13,-0.00322895193886563,0.002004140625812,0.00209997995770528,-0.0185960702738175,-0.00777204992735447,-0.719188635175996,-0.00793388819465746
"2020-11",-0.533895743181125,0.00407981499999999,0.00679724589968113,0.173348873891101,-28.924558006551,0.402481972161013,0.00396148581953049,0.00632430140551854,0.00514398773340363,-0.0169625957265856,0.00175501001775954,0.584139800553004,0.0315021449027368
"2020-12",-1.5257606243611,0.00122022600000005,0.00210857155529184,0.863549986344609,-47.252130797488,0.100620493040992,-0.00279981404186658,-0.00801446078414514,-0.0109801562895537,-0.006613513731175,-0.00217510195784103,0.787784868635995,0.0417377079397263
"2021-01",3.30782488592071,0.00120122300000003,0.00224851843856036,1.5441074250482,-12.160474837589,0.176742370584989,-0.00138836526564456,-0.00800212766711694,-0.0105619916893528,0.0308905526811732,0.0013071963677813,1.13612511667201,0.00547402877459158
"2021-02",0.751884998444662,0.00397823600000002,0.0067382446512214,2.1296000379905,19.3047538046726,0.232767536710014,0.00786403883812814,0.0130313878100614,0.016283102911322,0.0504378865864897,-0.00440661918458759,1.264743054408,-0.00937066936495012
"2021-03",2.92229265976522,0.00353472499999996,0.00598391567534146,2.369490146755,33.658457139755,0.338927614019994,0.00445421743896413,0.0132201041032238,0.0131477649189513,-0.0132921965648587,0.00317105196044497,1.639878706139,0.0936493838125902
"2021-04",0.274847563942067,-0.00218607400000004,-0.00300647108586546,5.87661634641429,94.1133891894824,0.256889439946008,0.00216074291818136,0.00300978225610304,0.00526097103682499,-0.0213075804032992,0.00801745135825184,1.80065112831001,0.0462007004720573
"2021-05",0.0929273784556612,0.00465422599999998,0.00795695859641141,7.5524798911257,-1.064041548289,0.577379324736,-0.000980267110406774,0.00138487910478591,0.00317573156926265,-0.0254240594021881,-0.00235814392593834,1.961423550481,0.0774821456295607
"2021-06",-0.214755763976471,0.00144047900000011,0.00278290238080337,6.00036092556749,36.959157452815,0.414092954116995,-0.00235165655084957,0.00310072137139139,0.00142279713856297,0.0276747791274497,-0.00433209017528433,1.972141711958,-0.0570059707675543
"2021-07",-0.298159218602094,-0.000218281000000098,-0.000108119209639332,4.1819154819196,43.451982410742,0.578703207076998,0.00165457880303199,0.00185535252523628,0.000578361195645138,-0.0097308989550275,-0.00161640649057467,2.132914134129,0.0261577102692172
"2021-08",-0.451744063838494,-0.00675129399999996,-0.0104909532568767,2.2698277414059,26.1667360344545,0.0529949043100117,0.000336379572254408,0.00331624383934703,0.00209680536322598,-0.0295089783426861,0.00315307681455138,2.154350457085,-0.0123778501628664
"2021-09",-0.242518577762747,-0.00675688399999996,-0.0106161881860563,1.2943781149649,-28.2296737301175,-0.00986608425301938,-0.00331480009353879,0.00440352655486187,0.00444539592956783,-0.0487328384525842,-0.00954668339899429,2.186504941519,-0.0272144741801734
"2021-10",-0.2761748544307,-0.0022452810000001,-0.00265895401235107,0.609693997081095,78.3699173015323,-0.497565753144983,0.000326617015870889,-0.000289386343698461,0.000287021307737945,0.0265949662309764,0.00831202427227896,3.52627512627301,0.0507303936763794
"2021-11",-0.337889475482322,0.0177129560000001,0.0298840690278097,0.260507967013694,80.107127992617,-0.432030373804011,0.0059826267150016,0.000417974608337701,-0.00135292371780649,0.0159954218961868,-0.00660236783622964,2.57235875472901,0.026219472844776
"2021-12",-0.521502657450631,0.00269612799999996,0.00526307368340691,-0.00655775562799477,95.524872875989,0.242127234444993,-0.000328195293518685,0.000476435686421972,9.18615681508861e-05,-0.0007805620093573,0.0119134464108204,2.765285661333,-0.0291969491434064
"2022-01",-1.00234464237268,0.000293855999999981,0.0015941894347269,-0.191211040525502,6.101952552433,-0.162990554719983,0.0117738187708885,0.00656006282343857,0.00105289359343241,-0.0365394064759952,0.0078638462788458,3.097548667152,-0.0287517466662965
