"","BRAPROMANMISMEI","BSPRFT02BRM460S","BSCICP02BRM460S","BSCURT02BRM160S","INDPRMNTO01IXOBM","INDPRMNCG02IXOBSAM","CCRETT01INM661N","WPIAMP01INM661N","INDWPIAMP01GPM","BSCURT02MXM160S","MEXPROMANMISMEI","BSCICP02RUM460S","RUSPPDMMINMEI","TURPROMANMISMEI"
"1998-03",-0.00753689940332813,0.149,-0.155,0.00099999999999989,1.1652020052301,-0.0384962353254773,-0.0285514852064394,1.1268548190544,-0.00427953633692672,0.7390608888,0.013705257523124,-0.217284910233333,-0.00100001327706234,0.0223327197553724
"1998-04",0.012129522202299,0.174,-0.139,0.00200000000000011,1.5536026736401,-0.016830560968952,-0.00518032380494793,1.7229590379216,0.0116001243054763,0.73700288816,-0.00751466474038276,-0.26425691209,0.00199999744223422,-0.0910113457306472
"1998-05",0.0165694039182993,0.174,-0.135,0.005,1.2108962015136,0.000239058907435918,-0.00144739622485113,1.8536662752812,0.00234146288375928,0.74420979617,0.01106749352152,-0.215680645686667,0,0.0666625416266351
"1998-06",-0.0234751409533576,0.165,-0.135,0.00399999999999989,1.5764497717819,-0.00337922475603858,-0.0110395794046462,1.9408044335209,0.00146369887176515,0.73772299577,-0.0123034735339805,-0.27815492211,-0.000999992291965568,-0.0338028618508924
"1998-07",0.00902792357757765,0.157,-0.126,0.004,1.073813612663,-0.0430864102369301,0.0207316559803781,2.1784539559929,0.00450449306323608,0.73985493018,0.00442073754577121,-0.309392239573333,-0.00400001503068137,0.0126799875026129
"1998-08",-0.0160216396171459,0.178,-0.166,-0.00700000000000001,1.5307555754983,0.0520790007650911,-0.00198475077958216,2.24182716198541,0.00125234401642007,0.7348209502,0.00685371345159225,-0.268235933456667,0.0030000244474937,0.000418549999983142
"1998-09",-0.00211461196870366,0.175,-0.203,-0.00800000000000001,1.3479787903642,0.0543545216531738,0.0105263816797245,2.2279642731745,-0.00026731020265752,0.73583180004,-0.0101182755151884,-0.355739565903333,0.107999976829303,0.0250257523468371
"1998-10",-0.0331638058910781,-0.048,-0.305,-0.00700000000000001,0,0.0140895337735414,-0.0045254803717687,2.2933178918543,0.00121213116783396,0.73857377751,0.00922332893388433,-0.275793847186667,0.0700000006789667,-0.0334703784654472
"1998-11",0.0032876712328771,0.18,-0.232,-0.00299999999999989,1.9648504401919,0.0373512678465646,0.0100000376598743,2.1606302418075,-0.00263211879005983,0.73408513384,0.0004734716378334,-0.171738665933333,0.0430000144888538,-0.0317134089432856
"1998-12",-0.0418350628072103,0.18,-0.226,-0.00400000000000011,1.4165200847895,-0.0439834464832284,-0.0116288251117743,2.2873766537925,0.00225701179800238,0.72982581823,0.000591725421686062,-0.16346099215,0.0540000012573374,-0.02788509339381
"1999-01",0.0373917008663942,0.214,-0.216,-0.00399999999999989,1.98769753833371,0.0567256994994265,-0.0120367484460842,2.46363338295919,0.00328034196695464,0.72631124244,-0.00374215642955611,-0.159363795186667,0.0789999934966825,-0.0302090197797781
"1999-02",-0.0125274725274733,0.184,-0.211,-0.00100000000000011,1.5307555754983,-0.0465146313779329,0.0100481853544816,2.5349282397008,0.00138384721774182,0.72189154881,0.00772657510227792,-0.1420841016,0.0640000069900977,0.0621170156391406
"1999-03",-0.000333852659693323,0.177,-0.199,-0.00199999999999989,1.9876975383336,0.100165358003134,0.00756088980805769,2.6042426837551,0.00121335176545162,0.72518431028,-0.00685202700321053,-0.0971338542933334,0.0489999907656258,-0.0386357735124648
"1999-04",0.0165868863408671,0.136,-0.198,-0.00100000000000011,1.6906852624906,-0.0116443665188065,-0.000985119945186463,1.7229590379216,-0.0171772563113771,0.72834040006,0.0374428090799233,-0.0976786510233333,0.057000007189405,0.0864922625952906
"1999-05",0.0234340779675866,0.204,-0.147,0.00100000000000011,2.8558872677207,-0.0420804413983911,-0.00199095029695551,1.7586064662924,0.00041493142176366,0.71683355746,-0.00777594391987824,-0.04747257929,0.0349999908554872,-0.0308876448244552
"1999-06",-0.00909479991440232,0.226,-0.108,0,1.8277678513413,0.00370799857379156,-0.000125002515923955,1.4952115788861,-0.00511644349629835,0.72267933638,-0.00587434562068323,-0.03648644814,0.0320000004673189,0.0260656289168146
"1999-07",-0.0163049346722816,0.285,-0.058,0,2.2390156178931,0.025235828125117,-0.00367281587064827,1.2734053579121,-0.00423640067480537,0.72714312344,0.0118037946865777,-0.0357872206066667,0.0320000016981128,-0.0161086719489393
"1999-08",0.016904500548848,0.25,-0.053,0.00399999999999989,2.4217924030272,0.0223983140463071,-0.0146983491026732,1.3486610400283,0.00139139695309036,0.72300879982,-0.00254089121507539,-0.0318773894233333,0.0419999986287867,-0.0994887353909926
"1999-09",0.0140328151986182,0.246,-0.042,0.00400000000000011,2.1247801271843,0.00112681927799496,0.00934685039314065,1.554623959504,0.00380420550504749,0.7293549717,0.00489236873786125,-0.028838827,0.0449999965785404,0.060963406404573
"1999-10",0.0178837555886731,0.267,-0.024,0.00399999999999989,2.9701227584296,-0.00779378726469238,-0.00907045236134618,1.6873116095508,0.00238804682857961,0.726643593,-0.0158099499111508,-0.0467450277233333,0.0350000020148482,-0.0205649715886079
"1999-11",-0.00826186990169375,0.22,-0.026,0.002,1.27943749593889,0.00407408799325304,0.0190969708080737,1.69325284761261,0.000100683945416798,0.72635614391,0.00210612909265562,-0.01724160787,0.0340000016547017,0.0414652077190683
"1999-12",-0.000316355583676486,0.198,-0.026,0,3.3356763286979,0.105777941998168,-0.00689851630209681,1.37638681765,-0.0059730729422312,0.73542624226,0.0198135279066198,-0.00732547506666668,0.0250000070601113,0.0481504851751782
"2000-01",-0.00158227848101289,0.149,-0.03,0.00200000000000011,2.0333917346172,-0.0589649250504942,0.00221125402441502,1.1327960571163,-0.004560044979806,0.72074143619,0.0239965102676105,-0.0202828879166667,0.0339999964182844,-0.049110402353006
"2000-02",0.000950871632330097,0.192,-0.014,0.004,3.0158169547131,0.0426869829492249,0.0164533800004789,1.0892269779964,-0.000804292980448982,0.7406053894,0.00536580957282551,-0.0594061560866667,0.0289999944043988,0.0301507537688444
"2000-03",0.0159383576103018,0.207,0.001,0.003,3.4042176231232,0.101914606022966,0.0190367613893385,1.2674641198504,0.00320763594810753,0.72807882305,0.00312368751316705,-0.03486548164,0.0169999991800018,-0.0219512195121951
"2000-04",0.0111168831168826,0.203,0.012,0.00399999999999989,2.444639501169,-0.0326836286883695,0.00988964662706948,1.5090744676969,0.00444378369046025,0.72101343401,-0.00213680032103158,-0.0848934143833334,0.0160000002546188,0.0448877805486283
"2000-05",-0.00431565967940717,0.236,0.037,-0.00199999999999989,2.1933214216095,0.0404559935355959,0.0137420164330826,1.0357558354402,-0.00882478337572843,0.72810360444,0.0115802646255159,-0.0442217073266667,0.0140000000626521,0.00954653937947492
"2000-06",0.0201238390092873,0.254,0.061,-0.00100000000000011,2.1019330290424,-0.0102844199869002,-0.0393681827742317,1.0595207876874,0.00039196786257217,0.73130560795,0.0101320214280451,-0.01740168335,0.0230000003192359,0.0260047281323876
"2000-07",0.0120384420839661,0.298,0.095,-0.00099999999999989,1.9876975383336,-0.00779068465769028,0.00283992216938156,1.3783672303373,0.00576934393648398,0.72951600918,0.0422169017108169,-0.0246476394833333,0.0150000043788636,0.00460829493087567
"2000-08",-0.000799680127948954,0.26,0.071,0,1.9420033420501,-0.0149638649127593,-0.0132930337701117,1.5348198326313,0.00278538644694624,0.73839495779,-0.0389916132342065,-0.00999832664000001,0.0149999975701895,0.0275229357798163
"2000-09",-0.0209083633453387,0.257,0.056,-0.00100000000000011,2.2618627160348,-0.0215989832830366,0.00765294815025297,1.6853311968636,0.00260013913362392,0.73212729213,0.00224190653393164,-0.00113956355666666,0.0210000071719372,-0.0535714285714285
"2000-10",0.0165525697353639,0.264,0.041,0,2.147627225326,-0.0120270627487206,0.00107883139470721,1.6833507841763,-0.00016115490655052,0.72800147972,0.00268469354700529,-0.00514241510666667,0.0259999953872307,0.0141509433962264
"2000-11",-0.00502563071665529,0.23,0.04,0.005,2.6959575807284,0.0639698795385548,-0.00804612437408103,1.8813920529029,0.00350657072304865,0.73105606627,-0.0225276406616041,0.000562193989999997,0.0100000034511931,0.0209302325581395
"2000-12",0.0381856753207397,0.217,0.035,0.004,1.3708258885059,0.00495009055603801,-0.00820542052771378,2.3764952247195,0.00877170033829532,0.71165601326,-0.0185660910059479,-0.0226384787066667,0.00200000079422336,-0.0478359908883828
"2001-01",-0.0134280432032697,0.217,0.06,-0.00299999999999989,1.8049207531995,-0.0552918795517101,0.00245281993791435,2.4576921448974,0.00144878932019614,0.72476107956,0.0355045773234031,-0.07656045496,0.0149999972349744,-0.0454545454545454
"2001-02",0.0133149225761906,0.378,0.063,0.00599999999999989,1.3936729866478,0.0885315859739133,0.00626327704512297,2.2972787172289,-0.0027901296683389,0.72918749709,-0.0145082479399928,-0.0522798129633333,0.0129999966401986,0.0150375939849625
"2001-03",-0.0148919602881062,0.288,0.025,-0.00700000000000001,1.0509665145212,-0.0265113330170431,0.0108840182962489,2.20221890824,-0.00192120845478397,0.72733337068,-0.0132649763705169,-0.12703884815,0.00500000354078689,-0.0592592592592592
"2001-04",-0.00355696077462619,0.304,0.016,0.00300000000000011,0.982425220095898,0.0234419682271101,0.00887031853233888,2.0655704328186,-0.00249335154301846,0.72111572903,-0.00747752774277732,-0.114755076683333,0.00599999605761581,-0.0157480314960631
"2001-05",0.0129895884977691,0.214,-0.008,-0.0180000000000001,0.662565846111299,0.0375581599873114,0.00141143218931505,2.0695312581932,9.1485671907499e-05,0.72061787701,0.010247961360093,-0.153629352106667,0.00800000205696372,0.0026666666666666
"2001-06",-0.0189898198903684,0.138,-0.053,-0.00199999999999989,1.2565903977972,0.0116148729279704,0.0117272767852934,1.8992157670883,-0.00307542204602134,0.71176027593,-0.0101149021104561,-0.122315256116667,0.00599999663998285,0
"2001-07",-0.00449012173218866,0.008,-0.105,-0.012,1.0509665145212,0.0516723934569878,0.00363254750708952,1.8932745290266,-0.00031818070398781,0.70437995284,-0.00319668807222773,-0.128350426813333,-0.00299999905571624,0.0186170212765957
"2001-08",0.00240553272526767,-0.036,-0.138,-0.00100000000000011,1.2108962015136,-0.00782732059871449,-0.0101003648959215,1.5447218960677,-0.0062097025383153,0.70109014784,-0.00616860654841667,-0.11665186823,0,0.0391644908616189
"2001-09",-0.0201979802019804,-0.017,-0.159,-0.00800000000000001,0.525483257260603,0.0115769535016761,-0.0140520851000656,1.0773445018728,-0.00832913087201824,0.68666372957,0.00885933403264527,-0.100958376476667,0.00100000070157691,-0.00502512562814061
"2001-10",-0.0230635779161139,0.034,-0.17,-0.00399999999999989,1.2794374959389,0.00965208849931787,0.00544783331361587,0.910989836142498,-0.00298649133230283,0.6985432195,-0.0241882543206794,-0.07492619914,0.00600000268085021,-0.0681818181818182
"2001-11",0.00584978585605378,0.263,-0.084,0.001,0.868189729387097,-0.0938589989972471,0.0134819647897118,0.653536186797801,-0.00456143337001715,0.69949370952,0.000194405494500449,-0.110171481506667,0.00299999633364223,0.0162601626016261
"2001-12",-0.00893135320386296,0.457,-0.005,0.01,1.21089620151361,0.0293502411365811,0.00642252564161661,0.126746411984996,-0.00930983902174633,0.69253454868,-0.00475504097503643,-0.1853572499,0.00100000616467755,-0.0106666666666666
"2002-01",0.0248145482922031,0.23,-0.003,0.0079999999999999,1.6449910662071,0.0252716900973411,-0.000686190418683341,0.0693144440542994,-0.00100733581204452,0.7017761455,-0.000882033532531135,-0.15687380948,0.0039999926097769,0.0404312668463611
"2002-02",0.016518424396442,0.378,0.01,0.003,1.16520200523,0.00689274588763533,-0.00348407499993364,0.138628888108599,0.00121759470695986,0.69773668022,-0.0042671698809148,-0.178979874426667,0.00500000812104817,0.0751295336787565
"2002-03",0.00750000000000028,0.305,-0.015,-0.0109999999999999,1.2794374959389,-0.00991828790095561,0.000295619373882783,-0.0158433014981014,-0.00272055098443119,0.69128436802,0.012425251952866,-0.218880716606667,0.00299999941544282,0.0192771084337349
"2002-04",-0.00248138957816424,0.344,-0.002,0,1.5307555754984,-0.0247479348014896,-0.00654187222937563,0.277257776217297,0.00513463892618741,0.70783216852,0.0022102253515619,-0.202526502593333,0.0169999936062408,0.0141843971631206
"2002-05",-0.014925373134328,0.303,-0.022,-0.01,1.5307555754983,-0.0755192927085757,-0.0115850891769212,0.564417615870902,0.0050068275465135,0.7104980516,-0.0154853315202895,-0.1843894358,0.0119999998314539,-0.0256410256410257
"2002-06",0.0202020202020208,0.288,-0.054,0.004,1.5764497717818,0.0714817754597072,-0.00465843448291381,1.0931878033709,0.00917911779611496,0.70656388454,0.00814808229598718,-0.15490519016,0.0170000016571756,0.00956937799043067
"2002-07",0,0.245,-0.092,-0.005,2.5360278937361,-0.0567308528488845,-0.00571072328912126,0.861479518960806,-0.00410045186264732,0.72605826545,0.0010185141147776,-0.160944266376667,0.0119999989846498,0.00710900473933651
"2002-08",-0.0123762376237626,0.175,-0.088,0.003,2.4674865993108,0.0207744549466085,0.0137713280953817,1.52887859456951,0.0114873575086866,0.7121436403,0.0038729805589981,-0.119057233193333,0.00800000459581596,0.0117647058823529
"2002-09",0.00751879699248037,0.183,-0.071,-0.004,2.8787343658626,-0.00777054279261047,0.00682116274833811,1.6833507841763,0.00268091269537357,0.70734949419,-0.00042555602066785,-0.122622972693333,0.00999999959864972,0.0395348837209304
"2002-10",0.00621890547263693,0.21,-0.049,-0.001,2.78734597329549,0.0269225448717094,0.00467427992950498,1.584330149813,-0.00171267505498405,0.71231129129,0.00570256886956932,-0.106745695373333,0.0159999985376533,-0.0357941834451901
"2002-11",-0.00123609394313884,0.335,0.003,0.00399999999999989,1.6906852624907,-0.00262754730192416,-0.00446521659371724,1.6358208796819,0.000894369311313244,0.70750694428,0.00411088427523398,-0.120966891273333,0.0120000013767352,-0.0301624129930396
"2002-12",-0.00123762376237646,0.435,0.047,0.0130000000000001,2.7644988751537,0.0126557607659876,-0.002990121069947,1.7249394506089,0.00154040565689839,0.69682240018,-0.0189281829801752,-0.151188119233333,0.00999999513034178,0.0741626794258374
"2003-01",-0.00619578686493183,0.162,0.029,0.0119999999999999,3.0158169547131,0.0102204134746946,-0.0121727741183144,1.9903147507025,0.00451357185547634,0.71880262395,-0.0178357041489843,-0.17863617348,0.0109999995637744,0.0334075723830736
"2003-02",0.0249376558603496,0.297,0.013,0.00300000000000011,2.90158146400429,-0.0353356329160224,0.0047697227574115,2.5349282397008,0.00928433057621571,0.70875883845,0.0213735336435392,-0.146579321576667,0.0170000018546053,-0.0387931034482758
"2003-03",-0.0535279805352805,0.235,-0.034,-0.00900000000000001,2.7873459732954,-0.046256849443472,0.00649957011079283,2.72504785767831,0.0031285124908856,0.70483434251,-0.0093307055258034,-0.157627421966667,0.0149999990695908,0.0156950672645739
"2003-04",0.0244215938303343,0.281,-0.051,-0.001,1.6906852624907,0.100475912751609,0.0135615095674471,3.07954172869901,0.00568846233730942,0.70936865292,0.00769981104146233,-0.187622013233333,0.0160000056906291,-0.0264900662251655
"2003-05",-0.0188205771643668,0.208,-0.082,-0.014,2.6502633844448,0.0204818126118962,-0.0171997730930777,3.4835459169013,0.00645343255633049,0.70513758866,-0.00458559852164131,-0.1299899292,0.00799999439898547,-0.00226757369614516
"2003-06",0.0115089514066498,0.161,-0.128,0,2.7188046788702,-0.0343433557372058,0.00320583823816634,2.7705973494855,-0.0121555703776807,0.71242538174,0.00831546080116574,-0.11259192416,0.0120000028355631,0.0477272727272728
"2003-07",-0.00884955752212346,0.109,-0.177,-0.00900000000000012,3.221440837989,0.0253876365062666,0.0177682810295681,2.7626756987363,-0.00022148349961511,0.71728308897,-0.00335408665962689,-0.0730649726633333,0.0139999997452802,0.0216919739696313
"2003-08",0.0114795918367347,0.109,-0.13,0.0110000000000001,2.7416517770119,0.00660624377753805,0.00717236246868191,2.6141447471914,-0.00286065124851863,0.7099590351,-0.00490803548977814,-0.0406581027666667,0.0109999984509028,0.029723991507431
"2003-09",0.0327868852459015,0.193,-0.068,0.002,3.2671350342725,0.0266503155005173,-0.00257179311565581,2.990423157772,0.00610085723119205,0.70991764509,0.00428207038954742,-0.0864221398433333,0.0140000038513146,-0.00412371134020628
"2003-10",0.00244200244200288,0.292,-0.002,0.0069999999999999,2.9015814640042,0.0341479120320884,-0.00246403492764635,3.12905204588061,0.00227471149145982,0.71460802745,-0.000474816072232542,-0.04036562012,0.0109999998502515,-0.010351966873706
"2003-11",0.0170523751522536,0.41,0.041,-0.00099999999999989,3.6555357026825,0.0468444299683395,-0.00206226109922969,3.4379964250942,0.00497859611680823,0.7088829195,0.00529692022525396,-0.0492995229,0.0109999958526894,-0.00209205020920489
"2003-12",-0.0215568862275449,0.517,0.076,0.01,3.4956060156902,-0.0181890106156605,-0.0137548128253693,3.5647428370792,0.0020008042128162,0.71842256357,0.00799846090409906,-0.0480155011666667,0.00700000531419542,0.0188679245283019
"2004-01",0.0232558139534875,0.312,0.065,0.00700000000000001,3.65553570268261,0.033368197375987,-0.00720146170751645,3.8796284543546,0.00479534156110862,0.7131591583,-0.0114230331960961,-0.0774540038133333,0.0109999975267001,0.0205761316872428
"2004-02",0.0143540669856466,0.355,0.068,0.00599999999999989,3.3128292305561,-0.0162586664925053,0.00197932523090105,4.0697480723321,0.00257475744749933,0.71388087563,0.00645419420355342,-0.0887448395666666,0.0229999988422167,0.00806451612903225
"2004-03",0.00825471698113178,0.245,0.049,-0.01,3.7469240952497,0.00499340128737757,0.0179566791603714,3.9707274379688,-0.00185492319113897,0.72368538288,0.0261732026559325,-0.0996507583666666,0.016000002353024,0.012
"2004-04",0.00584795321637421,0.216,0.059,0,4.9806673949049,0.0136498620145939,0.027399231552339,3.54493871020649,-0.00735627823000653,0.71048553139,-0.00532917708351721,-0.118666693433333,0.0209999985147586,0.017786561264822
"2004-05",0.0116279069767444,0.25,0.086,-0.00399999999999989,4.6608080209203,0.00850327467166023,-0.0167779415536083,3.0577571891391,-0.00821728668117359,0.71225283497,0.00118924377888452,-0.0753624666366667,0.0229999983172435,0.029126213592233
"2004-06",-0.00114942528735651,0.287,0.095,0.01,5.0492086893303,0.044819227746637,-0.00739822529653344,4.2578872776223,0.0188673421777979,0.71730739869,-0.000959238542633134,-0.0972823804033333,0.0239999997107827,-0.0132075471698114
"2004-07",0.0115074798619106,0.359,0.109,-0.00100000000000011,5.3462209651732,0.073449050860414,-0.0169338751995939,4.6777347673228,0.00632594124699095,0.71681183043,0.0057492830482524,-0.0697681617733333,0.00699999982347688,0.0172084130019121
"2004-08",0.0091012514220703,0.264,0.1,0.00700000000000001,5.7117745354415,-0.000249372466653908,0.0056669282377293,4.65000898970111,-0.000888882522469699,0.71192286644,0.00662517419053277,-0.04631621633,0.014000000046746,-0.00939849624060152
"2004-09",0.00338218714768534,0.275,0.111,-0.002,6.3057990871274,0.0307733049460008,0.00713484310729928,4.60445949789391,-0.0011615175807247,0.72332875198,-0.00390558186411039,-0.03673642927,0.0310000021379095,-0.0341555977229603
"2004-10",-0.0101123595505588,0.289,0.126,0.003,6.8312823443881,0.0107340058974059,-0.00318492822967609,4.36086873736019,-0.00377771872504506,0.71976332851,0.00145185124021663,-0.0329722144033333,0.0140000015314667,-0.037328094302554
"2004-11",0.00454029511918375,0.342,0.125,-0.001,5.6889274372998,-0.0185404091222025,-0.0052988639327316,4.01627692977591,-0.00553919296621517,0.72547135842,-0.00140866280857166,-0.0315527727666667,0.0150000002480453,0.010204081632653
"2004-12",0.00564971751412036,0.397,0.12,0.01,6.7170468536792,0.0142525438313201,0.0134029143311938,3.87170680360551,-0.00234175670756041,0.72843939802,0.0113887958895591,-0.0789442637,-0.00200000032583769,0.0181818181818181
"2005-01",0.0078651685393325,0.194,0.071,0.00600000000000001,5.8717042224339,-0.0168783486792531,0.0204512561268912,3.4459180758432,-0.00695930122954725,0.7240284996,-0.0102398235204633,-0.0742347315666667,0.00899999608752555,0.186507936507937
"2005-02",-0.0234113712374617,0.282,0.059,0.004,5.5289977503074,0.0378717921070617,-0.000522878512682734,2.9310107771539,-0.00825825306762787,0.72036566569,0.00975136140294497,-0.0915539879666667,0.00900000442766236,-0.0501672240802675
"2005-03",0.0148401826484037,0.254,0.026,-0.0109999999999999,8.3391908217446,-0.00867565179009588,-0.004312446226727,3.1587582361896,0.00329966975496432,0.71452968651,-0.00363220764115557,-0.0780464877666667,0.00999999689995335,-0.00704225352112675
"2005-04",-0.00224971878515334,0.295,0.019,-0.002,4.3181015487938,-0.00569685242305995,0.00879560437982629,3.5013696310867,0.00494983597129709,0.71820755595,0.00377130907428969,-0.06783652758,0.0110000007038342,0.0124113475177305
"2005-05",0.0157835400225521,0.246,0.006,-0.0140000000000001,5.4885603691125,0.0379221566612584,0.00112980786129535,3.064670349851,-0.00661004147061957,0.72827547558,0.00990586782087544,-0.11149425102,0.00999999942421481,0.00875656742556918
"2005-06",0.0199778024417254,0.202,-0.022,0.00100000000000011,6.9193341718132,0.00979773250234617,0.00923730161281067,1.8179822795236,-0.0192381585998036,0.70661358863,-0.0279390141037191,-0.155111557606667,0.00300000083957941,0
"2005-07",-0.0261153427638693,0.202,-0.045,-0.0110000000000001,4.3817575075579,-0.0473183905699077,0.0143177804705754,1.1580006096454,-0.010073132207237,0.70628516047,0.0100269250410234,-0.125005636526667,0.00399999880123736,0.0260416666666667
"2005-08",0,0.106,-0.058,0.005,5.4101869339285,0.0568141333875594,-0.0110883672770613,0.785683024439294,-0.00566743036295696,0.71747259623,0.0109900445522502,-0.105854065483333,0.00400000125574484,0.0186125211505923
"2005-09",-0.0100558659217906,0.106,-0.051,-0.005,4.6383925228394,-0.0169030270447059,-0.00621254847906172,0.4849124184842,-0.00456420928026946,0.7239845959,0.00885307044371708,-0.06168975155,0.0100000016915773,0.00996677740863783
"2005-10",-0.00902934537246025,0.114,-0.048,0.00200000000000011,5.3830330104265,-0.011807546758692,-0.0135373758726209,0.563876803465504,0.00119578909220558,0.71393665852,0.0148226292106093,-0.0526616125,0.00399999981729038,0.0131578947368423
"2005-11",0.0125284738041016,0.045,-0.043,-0.00600000000000001,4.0130574900698,-0.0552218034009735,0.000846807259729854,0.653247496901798,0.00133986287309761,0.74289968292,0.00668741206217671,-0.118656470766667,0.00199999849360544,-0.00162337662337664
"2005-12",0.0258717660292465,0.167,-0.02,0.0069999999999999,6.6993476275607,-0.0194015676764332,-0.000487005208846814,0.502231887650893,-0.00225964862932621,0.72628451432,0.00750763405962984,-0.115038155833333,0.00199999702348985,-0.00650406504065038
"2006-01",0,0.199,-0.003,0.0110000000000001,7.8975769832808,0.105818691292361,0.0166060394690262,0.683710054738498,0.00270065618977899,0.7229879543,0.0104678724818139,-0.102943611966667,0.011000002255618,0.0049099836333879
"2006-02",0.00328947368420618,0.221,0.003,-0.00600000000000012,6.6610764852252,0.0312186838882698,0.0052107261941845,0.910737713633196,0.00336719440467631,0.725181425,-0.0069975657327529,-0.0871298381333333,0.0179282868525892,0.00651465798045603
"2006-03",-0.00765027322404033,0.244,0.008,0.00600000000000012,8.5599525391512,0.0527316261466122,-0.00493559365695806,0.767176077499798,-0.00221104794290874,0.73477948919,-0.000719097438487082,-0.0782157106666667,0.00538160469667415,0.0242718446601942
"2006-04",0.00881057268722629,0.262,0.032,-0.00700000000000001,6.0092159377428,0.0391456542060853,-0.015969330855397,1.77135501210429,0.0147351038943168,0.71922860511,0.00323333715100049,-0.0586465910666667,0.00681265206812665,-0.00315955766192721
"2006-05",0.00545851528383912,0.294,0.006,0.00099999999999989,7.2972938918731,-0.0201594187077624,-0.0134920861218195,2.36180668280579,0.00862211767824018,0.75200830411,0.0174104820032148,-0.04947467079,0.0260995650072493,0.00950871632329631
"2006-06",-0.00651465798045736,0.249,0.001,0.00100000000000011,6.1766063262006,-0.013530000548727,0.00374372889206409,2.95225835350719,0.00861497436840538,0.74472287049,-0.00483222608548406,-0.0397160035366667,0.00659444182760249,0.00313971742543173
"2006-07",0.00765027322405021,0.255,0.015,0.005,9.218661364098,0.154783027000197,-0.0164906918685925,3.4771042830196,0.00758738168260152,0.74238475751,0.00567427193775161,-0.0182695729,0.0163781001403829,0.00312989045383394
"2006-08",-0.00542299349241371,0.192,-0.007,0.00099999999999989,6.5545844469056,-0.0731454411420205,0.000293165459019917,3.8707387301539,0.00559701492537302,0.74247270721,-0.011362439120476,-0.0141286754,0.0197974217311241,-0.0109204368174727
"2006-09",-0.0130861504907236,0.196,0.017,0.00100000000000011,8.2050441728892,0.024770866957246,0.0171665566680395,4.067555953721,0.00272922087025566,0.73705006882,-0.000272630086646464,0.01201730025,0.0103837471783295,0.00157728706624605
"2006-10",0.00110497237568596,0.182,0.005,-0.00300000000000011,5.7547199097635,0.0151559088828943,0.0218456280328196,4.3299789184772,0.00375303541009732,0.74655108415,0.000884166533727804,0.00403497216666667,-0.00491510277033147,0.00629921259842514
"2006-11",0.0187637969094911,0.224,0.028,0,12.9270265353343,0.156238715148873,0.00350767171759925,4.26437317728809,-0.000981354268891025,0.74316175955,0.00419246508519056,0.0119744664666667,0.00493938033228636,-0.00938967136150237
"2006-12",0.0140845070422513,0.275,0.053,0.00100000000000011,9.5160122632326,-0.135821532589691,-0.00319077236496312,4.5267961420444,0.0038041022860757,0.73663262175,-0.00182977761201752,0.0084349085,0.00536193029490528,0.0394944707740916
"2007-01",-0.00747863247862923,0.239,0.042,0.00599999999999989,9.73663329140361,0.100428743859226,0.0120185295254924,4.59240188323341,0.00060818785323254,0.74102361199,-0.00363146794701896,0.00475989003333334,-0.000444444444442693,0.0486322188449848
"2007-02",0.0107642626480107,0.296,0.074,0.00900000000000012,9.5149889124084,-0.0200440163487293,0.00568639149516925,4.3955846596663,-0.00305775936623266,0.73775054331,0.00237995152154502,0.0184028112333333,-0.00222321031569617,-0.0275362318840581
"2007-03",0.0149094781682577,0.291,0.088,-0.00600000000000012,10.8922191614334,0.0508518014447108,-0.000587164035578791,4.3955846596663,-0.00023808254712805,0.73983524441,0.0113718449083795,0.0311517598666667,0.012032085561497,0.0193740685543966
"2007-04",0.00944386149003806,0.336,0.114,0.002,12.2063648684319,0.00918322013445549,0.0358629762112752,3.8707387301539,-0.008697124235563,0.74219078864,-0.00680662336040028,0.0259064751333333,0.0334654337296336,-0.00146198830409372
"2007-05",0.00311850311849926,0.313,0.118,0.003,13.9537992065477,0.0718883547176428,0.034819374095852,3.60831576539761,-0.00383798749830151,0.74021582408,0.0124043703048893,0.0297503985766667,0.0242863229654886,0.0204978038067352
"2007-06",0.0134715025906715,0.296,0.112,0.005,14.699504509382,0.0597767199250721,0.00343809497515091,3.4771042830196,-0.00202436330100425,0.73829596531,0.000329394900411506,0.0242987909333333,0.0133111480865225,-0.024390243902439
"2007-07",-0.00715746421267582,0.323,0.13,0.00100000000000011,12.1089605137388,-0.00103164332529293,-0.00190929543460894,3.2146813182633,-0.0038412077253377,0.73640351857,-0.00580256481907127,0.0170540737,0.0110837438423643,-0.00588235294117656
"2007-08",0.00926879505663991,0.313,0.127,-0.00200000000000011,12.0765811753781,-0.00882211620697937,-0.00468763866415689,2.8866526123181,-0.00470495426524803,0.74600322616,0.00194782580849884,0.0368100382,0.00893219650832267,0.0118343195266273
"2007-09",-0.00306122448979196,0.314,0.131,0.00400000000000011,10.0257738864151,-0.0583604286447964,0.00247302543279404,2.68983538875099,-0.00281930954199891,0.73929933446,-0.00722349274733691,0.02457162936,0.000804828973843819,0.00730994152046782
"2007-10",0.016376663254865,0.269,0.148,0.0069999999999999,14.8914209659814,0.166037134229639,0.00137106380715113,2.8210468711291,0.00167971649743317,0.74213356166,-0.00666068097205241,-0.0144292263666667,0.0172899075190982,-0.00870827285921638
"2007-11",-0.00402819738167237,0.311,0.139,0,7.4183356299209,0.0216077255363998,-0.0133286496157095,2.9522583535072,0.00177304964539026,0.73526347436,-0.0161685192152413,0.0110595979,0.0288537549407131,0.0102489019033676
"2007-12",0.00606673407482416,0.264,0.144,0.002,11.4383232358154,0.00599514128720879,0.00915808439478494,3.01786409469619,0.0008115492842869,0.73252431193,-0.00257318941908291,-0.0209093504666667,0.0195927775643472,0.0246376811594202
"2008-01",0.0150753768844205,0.283,0.135,0.00700000000000001,11.3648042996666,0.00796268724670246,-0.00339066648855779,3.8051329889648,0.0103672463869319,0.75378125764,0.0243652952088245,0.00673717886666665,0.00602863602110104,-0.016973125884017
"2008-02",-0.000990099009905543,0.318,0.137,-0.004,13.0961142423734,0.0375476835656854,-0.0139791806767531,4.26437317728821,0.00598946140950652,0.74547925571,0.00156253495212155,-0.0248825772333333,0.00112359550561747,0.0172661870503596
"2008-03",0,0.292,0.123,0.004,10.6262838934547,-0.0339296666400813,-0.0200876434767235,5.18285355393481,0.0118642733427806,0.72042484099,-0.00103368266020354,-0.0134057398333333,0.0325476992143658,0.00848656294200834
"2008-04",-0.00297324083250372,0.283,0.121,-0.003,8.92054347886851,0.0201079044246915,0.00664940626107424,5.0516420715567,-0.0026741396330358,0.73526169016,0.00238212357326861,0.00109102683333333,0.0467391304347828,-0.0182328190743337
"2008-05",-0.00994035785288461,0.313,0.13,-0.00600000000000001,5.9875812483004,0.0584713859069124,-0.0470402359282134,4.9860363303677,-0.000896860986546906,0.72930797294,-0.0160792151607767,-0.0198931811133333,0.0311526479750788,-0.00714285714285712
"2008-06",0.0582329317269101,0.337,0.146,0.002,7.74647420545021,0.00394306291919522,-0.0138217125885955,5.7733052246362,0.00989572057443899,0.72918297592,0.0132072644801688,-0.0162974348433333,0.0349110439744875,0.00287769784172665
"2008-07",-0.0180265654648949,0.301,0.138,0.00600000000000012,4.616810351835,-0.0487256203250914,-0.00794548280775587,6.1013339305816,0.00401219280144933,0.74159607633,-0.0139955285967814,-0.0881501771633333,0.0350308141420685,-0.0229555236728839
"2008-08",-0.0173913043478295,0.343,0.141,-0.00200000000000011,4.6382638532168,0.0521125546692054,0.0307998381955683,6.2981511541487,0.00240283225585509,0.72103443138,-0.00137910270854869,-0.0288577013,0.00313381385145761,-0.0146842878120411
"2008-09",0.0206489675516222,0.303,0.119,-0.00600000000000001,9.0254593818337,0.00926214815949455,-0.0285725308329186,6.23254541295961,-0.000891265597147772,0.7263370232,0.00378376951323012,-0.113182829966667,-0.00812246173070874,-0.00298062593144544
"2008-10",-0.0414258188824617,0.135,0.022,-0.0069999999999999,2.9695961642489,-0.00418159966204523,-0.0101164023788018,5.7733052246363,-0.00609439587546246,0.72193643184,-0.0135790056185796,-0.188436776766667,-0.0211023622047238,-0.0568011958146488
"2008-11",-0.048241206030151,-0.052,-0.177,-0.00800000000000012,0.801984405058207,-0.122608119900387,0.0204427600733179,4.7236133656115,-0.0132862075401273,0.70654105971,-0.0199575184986283,-0.348683400833333,-0.0688545688545696,-0.0301109350237717
"2008-12",-0.107708553326297,-0.103,-0.26,-0.0439999999999999,-2.166888528889,-0.0827646997574009,-0.0094306110967185,3.93634447134301,-0.0101423880553059,0.6838255981,-0.033828168112886,-0.387089791133333,-0.0653075328265379,-0.0375816993464053
"2009-01",0.020118343195267,-0.054,-0.247,-0.013,-5.85670556284309,-0.0653669110159121,0.0145564185970406,3.0834698358853,-0.0116959107592171,0.68134609473,-0.0549750352202418,-0.391283865066667,-0.0155268022181131,-0.0865874363327674
"2009-02",0.0208816705336428,0.011,-0.237,-0.002,-7.4511862042916,0.207494043538404,0.0114271141466298,2.4274124239948,-0.0086540121169221,0.67948399332,-0.000160400808609129,-0.360195737733333,0.0277882087870807,0.033457249070632
"2009-03",0.00454545454545441,0.076,-0.214,0,-6.3631234927406,0.146165568012348,-0.032643721152232,1.312114823781,-0.014681819491257,0.68023261145,-0.0171103406498774,-0.3461136187,0.000730727073438908,-0.0179856115107914
"2009-04",0.00904977375565275,0.159,-0.156,0.001,-2.79532311292641,-0.0233398508118513,0.0128802246131292,0.656057411890501,-0.00854565192128361,0.67716348532,0.0064595040113935,-0.353289212023333,0.0018254837531948,0.0146520146520146
"2009-05",0.0168161434977563,0.216,-0.116,0.00700000000000001,-2.3317078608756,-0.00256438049259755,0.0177557206021817,1.0496918590248,0.00499168053244595,0.6786512388,-0.0271304029146145,-0.29442546888,-0.00473760932944578,0.0415162454873648
"2009-06",0.0154355016538068,0.247,-0.062,0.004,-3.77036990666801,-0.00481140010947712,0.00913293991230235,0.196817223567194,-0.010928263478377,0.68758965921,0.0132362581837828,-0.28683869718,0.0179421457341626,0.0259965337954939
"2009-07",0.00651465798045714,0.312,-0.024,-0.00300000000000011,0.511066224522111,0.056261374214162,0.00406653745619234,-0.196817223567209,-0.00497305661875961,0.7030379573,0.045358766547817,-0.26733906885,0.00575539568345418,0.0168918918918919
"2009-08",0.0161812297734611,0.3,0.006,0.012,3.3189612354879,0.0343860751158827,0.0011017142471681,0.131211482378092,0.00413698156791744,0.69001638023,-0.00580660093859164,-0.233844299026667,0.0132331902718152,-0.0132890365448506
"2009-09",0.0159235668789792,0.341,0.061,0.0120000000000001,0.492636243306492,-0.0351939739658707,-0.00663877986767536,0.524845929512395,0.00491803278688527,0.68778639777,0.0173495073898307,-0.213310858766667,0.0169431697846814,0.0134680134680136
"2009-10",0.0167189132706407,0.387,0.095,0.005,1.2255763719244,0.0152450070844874,0.0299247628405745,0.85287463545761,0.00408901818025961,0.68854292504,0.0201553992845667,-0.185344406766667,-0.00288803401596693,0.0166112956810631
"2009-11",0.0215827338129493,0.4,0.112,0.00900000000000001,4.99087718794979,0.0620233233752054,0.0151029456402516,2.2305952004277,0.0172088454455913,0.69778548302,0.0319133919855452,-0.1609201811,0.00428882709770684,0.0555555555555554
"2009-12",0.0060362173038242,0.372,0.128,0.00599999999999989,8.2244068054941,0.0175265841622105,0.0149514146992331,3.2146813182634,0.0123418897307075,0.69734810281,-0.0100835662324398,-0.249031778466667,-0.00727902946273762,-0.0479876160990711
"2010-01",0.00899999999999723,0.371,0.132,-0.00099999999999989,11.2245365951693,0.00796765659017429,0.0283487018388806,4.00195021253199,0.00949648580757604,0.698486777,-0.0174514639315825,-0.156074978766667,0.0111731843575418,0.00325203252032535
"2010-02",-0.00099108027749828,0.38,0.156,0.003,11.3894243630673,-0.0183303206447739,-0.00464913575477899,4.1987674360991,0.00242328689197342,0.70548250174,0.0202982737472865,-0.166485819266667,0.0145027624309395,0.0275526742301457
"2010-03",0.0257936507936471,0.386,0.155,0.005,13.3926042167127,0.0109749751434571,0.012867727422321,4.1987674360991,-4.2400476475101e-05,0.7042062642,0.015100286160469,-0.1480500025,0.0119128658951662,0.0189274447949526
"2010-04",0,0.332,0.157,0.0079999999999999,10.8110887225331,0.0725847397918957,0.02331376307134,5.0516420715567,0.0101317832943973,0.71514976482,0.0118381936578118,-0.13057031313,0.0238816010763545,0.00619195046439636
"2010-05",0.00290135396518854,0.341,0.161,0,6.8866302965058,-0.0549145719629338,0.000739046201320148,4.6580076244224,-0.00499168053244595,0.71783609288,0.00231897248571045,-0.0774512531966667,0.0233245729303539,0.0338461538461539
"2010-06",-0.011571841851497,0.372,0.146,0.00200000000000011,6.2608560749764,0.0415961897496882,-0.00240470577686547,4.4611904008553,-0.00243748996784546,0.72001140859,-0.00100366264783236,-0.114883801206667,-0.00128410914927746,0
"2010-07",-0.00487804878049303,0.341,0.132,0.00299999999999989,8.6442262106021,-0.00710960553675866,-0.0158869114101614,4.59240188323341,0.00152097155938366,0.71825337546,-0.00512951406934259,-0.0670395908233333,0.000642880102861509,0.0104166666666667
"2010-08",-0.0068627450980363,0.301,0.129,-0.004,3.7752078268685,-0.0213734652846291,-0.00623293219636745,4.1331616949101,-0.00587059423409251,0.72270156219,0.0204896164009074,-0.0616949193933333,0.0067459042724054,0.0206185567010309
"2010-09",0.000987166831199149,0.369,0.14,-0.005,5.67765588028051,0.0117995969995157,0.00728380637158899,4.0019502125319,-0.00180033987963678,0.71821980106,-0.00932143162046206,-0.0285167226766667,0.00989151244416031,0.00721500721500723
"2010-10",-0.0039447731755432,0.325,0.136,0.004,9.9601545419827,0.0197061984974203,0.0118723144833659,4.13316169491009,0.00143802182953889,0.72306405515,-0.00633397608889319,0.00690530103333332,0.0214849921011055,0.0114613180515759
"2010-11",0.0108910891089087,0.322,0.12,0,5.23427863378261,-0.00294584605938086,-0.00778078706814456,4.067555953721,-0.00105172470255698,0.72916710752,0.0134153367601482,-0.0618255827,0.0238168883390051,0.0339943342776206
"2010-12",0.0107737512242876,0.295,0.123,0.001,7.7367944573636,0.0112608750256094,0.0200394667293111,4.3955846596662,0.00362020733914779,0.73528790064,0.00152463261946734,-0.0422373747666667,0.0114803625377635,0.0205479452054795
"2011-01",-0.00193798449612448,0.31,0.109,-0.003,7.1724511070971,0.0583231662340324,0.0018414219507028,4.3955846596662,-0.000700587657109499,0.72875740786,-0.00526865995751358,-0.0677076084666667,0.00955794504181595,0.0402684563758389
"2011-02",0.0446601941747575,0.287,0.114,-0.00800000000000001,6.41465753370919,0.0293604297720789,-0.0153978728205072,5.18285355393481,0.00896950703052672,0.73101639643,0.00690397802653409,-0.0276069755333333,0.0178005591798707,-0.0180645161290324
"2011-03",-0.0446096654275099,0.327,0.125,0,10.5165559329966,-0.0183805153705159,0.00489364004015869,6.16693967177059,0.0111472770958843,0.73306866133,0.00727473746622209,-0.0759142753,0.0100723376980119,-0.0026281208935609
"2011-04",-0.00680933852139776,0.308,0.116,0.005,4.9012074280986,-0.0426555960148006,0.000443505528870958,5.7076994834473,-0.00609605018956672,0.72980226555,-0.0157210144974046,-0.06803222037,0.0102438582177506,-0.00131752305665356
"2011-05",0.0362389813907962,0.311,0.1,0.001,5.3067929862804,-0.0119723239212307,-0.00909529663099429,6.23254541295971,0.00585651537335304,0.73482242564,0.0182726572471812,-0.0552275661333333,0.0130114860014361,0.0105540897097625
"2011-06",-0.029300567107752,0.278,0.081,-0.00199999999999989,9.4868457106957,0.00200880925368496,0.00461766236862982,6.6261798600939,0.00442087101800104,0.7189665491,-0.00349386684968622,-0.00914814051,-0.00451767207015741,0.024804177545692
"2011-07",0.00292112950340417,0.214,0.049,-0.00400000000000011,2.7250964017324,0.0587055592238188,0.00607260675898313,6.49496837771579,-0.00162225467866402,0.72918804338,0.0079509773526476,-0.0649392820466667,0.00516106068695543,0.0178343949044586
"2011-08",-0.011650485436887,0.231,0.022,-0.00599999999999989,3.34209936061519,-0.0528508807313355,-0.012901759701868,6.6261798600938,0.00133727047483265,0.72526934877,-0.00540606065421601,-0.0614115867066667,0.0112429178470257,0.0312891113892366
"2011-09",-0.0196463654224006,0.183,0.004,-0.002,2.7250964017324,0.0329449858254491,-0.0206109411144136,6.7573913424721,0.00121756720835836,0.73857387456,0.00650408500379962,-0.10988979218,0.00674078613324003,-0.0582524271844661
"2011-10",-0.00801603206412982,0.224,0.017,0.002,-5.3987758902245,-0.0632802786131643,-0.0204392210321435,6.82299708366101,0.00043154287758612,0.73560077328,0.0123325085191737,-0.0587849651666667,0.00634782608695694,0.0592783505154639
"2011-11",0.00202020202020226,0.219,0.005,-0.00300000000000011,5.6558604564257,0.111439030149453,-0.0236146456924829,6.9542085660391,0.00108669617749079,0.73893863686,0.0105469431568403,-0.0918399359666667,0.0024194245225948,-0.0170316301703164
"2011-12",0.041330645161294,0.272,0.011,-0.003,2.7250964017324,-0.0423081741314146,-0.0230065636256422,6.5605741189049,-0.00491332270993313,0.73833590199,0.000807361563249787,-0.1318304349,-0.00637876045168495,0.00123762376237635
"2012-01",-0.0522749273959356,0.261,0.035,0.005,1.07975517804489,-0.0665593857564981,0.0228741381714825,5.83891096582541,-0.00872867373931958,0.74464565853,0.00742463593285314,-0.116342336266667,-0.0119718920794661,-0.00988875154511759
"2012-02",0.0163432073544465,0.189,0.017,0.002,3.80485157977731,0.0489082547973856,0.0368415370915534,5.11724781274579,-0.0084379280388425,0.74082280231,0.000645821448464812,-0.118546878766667,0.000351216085697326,-0.0174781523096129
"2012-03",-0.00603015075376989,0.199,0.014,-0.004,-3.85626849301801,0.0478489510638449,-0.00758689953085823,4.59240188323341,-0.00629854956529068,0.74542725032,0.00236378737024645,-0.1154858861,0.00386202053892704,0.0292249047013977
"2012-04",-0.00707785642063286,0.229,0.012,-0.001,-4.08230211998159,-0.156470407521911,-0.0138563477730366,4.7236133656115,0.00104051599664082,0.72805256706,0.00350948547626739,-0.125086041363333,0.0105796974731145,0.0185185185185186
"2012-05",0.00509164969450659,0.229,0.015,0.003,1.98054316435129,0.045536101392142,-0.0307440592287422,4.8368228861561,0.000906769650801661,0.7414598052,-0.00402201270027891,-0.160960274593333,-0.00259560477591281,0.00242424242424244
"2012-06",-0.00405268490374955,0.23,0.008,-0.002,-4.0394347725103,0.000756066821078427,-0.0111058966897549,4.69109573737001,-0.00171962439268337,0.74708524982,0.0106140109565667,-0.171454208266667,0.00199514226231678,-0.0133010882708586
"2012-07",0.0213631739572733,0.239,0.002,0.00300000000000011,-0.99526347682071,-0.0531634131531999,0.0116008492700281,5.08124388907881,0.00406410886893999,0.75119855328,-0.00236755423652601,-0.14842370181,0.00848411392953041,0.00857843137254899
"2012-08",0.0239043824701153,0.235,0.029,0.003,1.0621381324577,0.0291361264725911,-0.00227370283905759,5.18342403864091,0.00091460466144411,0.75432836461,-0.0117608759444354,-0.132616936536667,0.0146793716198814,-0.00972053462940459
"2012-09",-0.017509727626454,0.27,0.046,-0.005,-2.21797090040151,-0.0236053817946541,0.0103014873459064,5.3366942629839,0.00136274558239907,0.7396306255,0.0190012489986153,-0.09487699414,0.01912013536379,0.0245398773006136
"2012-10",0.00792079207920948,0.274,0.061,-0.00200000000000011,6.9264151702602,0.0770058203589665,0.0262313599953243,5.1253613730088,-0.00242797263605569,0.75142418498,-0.0237235615444999,-0.145177735366667,0.00249045326249386,0.00119760479041919
"2012-11",-0.00884086444008458,0.266,0.044,0.001,-4.3450359332752,-0.11187847390363,-0.0232674620373804,4.1447615505986,-0.0104431943698031,0.74735216613,0.00900539998401406,-0.1903424405,-0.00240145743623688,-0.013157894736842
"2012-12",0.00792864222002132,0.296,0.06,0.00700000000000001,-4.00714083955461,0.0495690065736001,0.00681365008336665,3.54328050891461,-0.0064021626521626,0.74260166089,0.000179733666888726,-0.128187994233333,-0.0085498464347975,0.0133333333333332
"2013-01",0.00688298918387109,0.252,0.067,-0.005,-2.4744817771942,0.0212290575913301,0.00441592094184684,3.60539995467811,0.0004899988339781,0.74546653243,0.00282872848923832,-0.169307768333333,-0.00560951105157403,0.00478468899521545
"2013-02",-0.0195312499999952,0.239,0.058,0,-5.4791083432368,-0.0317294459341217,0.0200771226702412,3.40858273111101,-0.0021201413427563,0.73810031895,0.00334824215107998,-0.1709348549,0.00286267575987287,0.0273809523809523
"2013-03",0.0219123505976051,0.262,0.05,0.00100000000000011,-0.156672983890005,0.0229809635805958,0.00382116942977695,3.2483399159169,-0.00186103060568788,0.7375250355,-0.00093797100108961,-0.138426606166667,-0.0010914280916815,-0.00463499420625713
"2013-04",0.0175438596491264,0.29,0.056,-0.002,4.5414847161572,0.0406602469183361,0.0035603034500431,2.734523357387,-0.00559028850801536,0.73283627105,-0.00676556736913336,-0.158269297296667,-0.00142881156496755,0.0093131548311991
"2013-05",-0.0124521072796917,0.286,0.055,0.00299999999999989,2.00873362445421,-0.0286969893599082,-0.0025609536041229,2.00531712875049,-0.00770225216030483,0.73249202483,0.00194558022017999,-0.153323303053333,-0.00664927194680665,0
"2013-06",0.0106692531522772,0.264,0.045,0.003,-0.262008733624398,0.0209260374379285,-0.0385048280750488,2.1876186859096,0.00184001269969549,0.72845846658,0.00446629663361908,-0.195543200006667,-0.000677851211659419,0.0322952710495963
"2013-07",-0.0134357005758184,0.196,0.008,0.00100000000000011,3.6681222707423,-0.00222496169774278,-0.013476456423275,2.2787694644892,0.00082870549743844,0.72808812998,0.00285175266222493,-0.130418276833333,0.00898762082414861,-0.00223463687150838
"2013-08",0.0107003891050648,0.203,0.015,-0.00100000000000011,4.5414847161572,0.0134494747432341,-0.0417824072481013,2.5522218002279,0.00270453548915091,0.72499699072,0.00723684102442279,-0.135334709423333,0.0165546218487398,-0.0279955207166853
"2013-09",0.00481231953801409,0.203,0.016,-0.00599999999999989,5.764192139738,0.0127840508895498,-0.00922822390842404,2.91682491454611,0.00355268810402924,0.72405198759,-0.00338150029155737,-0.1480850617,0.00669587501033275,0.0599078341013826
"2013-10",-0.0134099616858264,0.176,0.002,0.002,2.62008733624459,0.0728850882617167,0.0318273611639999,2.82567413596659,-0.000971983842391169,0.72133584683,0.00931820386407689,-0.141659929933333,-0.00287403514534423,-0.0119565217391304
"2013-11",0.000970873786412252,0.188,-0.002,0.005,2.9694323144105,-0.0651637736707691,0.0057811543028059,3.0079756931257,0.00196528259676233,0.7066682426,-0.010685511680358,-0.1354982705,-0.00436465453347523,0.00880088008800883
"2013-12",-0.0339476236663456,0.21,0.003,0,2.62008733624451,-0.0103084115755752,0.00428956291971594,3.372578807444,0.00375918273645547,0.7115696982,-0.00711476110639608,-0.134693330666667,0.00132340777501994,-0.00763358778625955
"2014-01",0.00702811244979618,0.22,-0.002,-0.002,4.36681222707431,0.0419968842721365,-0.00726742758626309,3.372578807444,-0.00016118211836887,0.72948585199,0.0199496093459812,-0.156728150533333,-0.00594746406740443,0.0384615384615385
"2014-02",0.0458624127617151,0.198,-0.018,-0.00100000000000011,4.1921397379913,-0.0277966235489558,0.00103204050960826,3.7371819217621,0.00365296803652968,0.72980253443,-0.00118402004624429,-0.146469360033333,0.00706332059165704,-0.0095238095238096
"2014-03",-0.058150619637749,0.193,-0.023,0,2.445414847162,0.015768526394065,0.0248402805274597,4.1017850360808,0.00349862652247876,0.73544652069,0.0155613891346982,-0.1286593151,0.01526528591468,0.00213675213675213
"2014-04",0.0101214574898805,0.148,-0.032,-0.00600000000000001,2.62008733624459,-0.0103656206440379,0.0117701056998119,4.1017850360801,-0.00011483165679093,0.73128497444,0.00779094570629213,-0.175932484723333,0.0106469440832246,-0.00959488272921105
"2014-05",-0.00801603206412982,0.073,-0.088,-0.002,4.2794759825327,0.0441421503477286,0.0182929725797341,4.4663881503986,0.00364166983885273,0.73142614711,0.0049817202992648,-0.15289144622,0.00924809006835448,-0.0139935414424113
"2014-06",-0.0393939393939428,0.022,-0.117,-0.002,6.6375545851528,-0.043671710110993,-0.00157337462076845,4.28408659323941,-0.00196245330306899,0.72661321349,4.23681362937689e-05,-0.0952799177566667,0.00892430278884482,0.0240174672489084
"2014-07",0.0262881177707683,0.066,-0.122,-0.0089999999999999,4.6288209606987,0.0427382999501327,0.00379176345728283,4.010634257501,-0.00292739456844853,0.73108794785,0.00433074405471467,-0.0775519035266667,0.0151634812825781,0.0266524520255864
"2014-08",0.007172131147547,0.072,-0.144,-0.00100000000000011,2.0960698689957,-0.00477737663709688,-0.00156004607666171,3.828332700342,-0.0020454189611004,0.72089501716,-0.0157348191553216,-0.06643146953,0.0050567916601838,-0.0519210799584632
"2014-09",0.00406917599186252,0.103,-0.136,-0.003,4.5414847161572,0.0277313416683758,0.00881244445922547,2.82567413596639,-0.0101411657521686,0.73469217819,0.0125658036793526,-0.07653600838,0.00541837603529705,0.0492880613362541
"2014-10",-0.00101317122594191,0.113,-0.124,-0.00399999999999989,-1.7467248908297,-0.131705429089047,0.000667094523981504,2.6433725788078,-0.00180785588129114,0.73409279137,0.00815067617554721,-0.0835546440333334,0.00477326968973735,-0.0114822546972859
"2014-11",-0.0111561866125738,0.113,-0.12,0.00399999999999989,7.0742358078603,0.173237019080703,0.0100726273334997,2.1876186859095,-0.00438923253374646,0.73354025576,0.00789074215583163,-0.106128720633333,0.00704926825530627,0.00844772967265039
"2014-12",-0.0348717948717926,0.062,-0.126,-0.0089999999999999,4.8034934497821,-0.0311331239743908,0.00247572723539435,1.36726167869389,-0.00810605441823271,0.73273134128,-0.00462711411475936,-0.101544316166667,0.00486951228790966,0.00104712041884802
"2015-01",0.00106269925610603,0.077,-0.125,-0.002,1.92139737991229,-0.0186544305521372,0.0259989472120954,1.0026585643751,-0.00368217858773714,0.73707628598,-0.00241987401100874,-0.0923149821666667,0.0291512076928899,-0.00418410041841
"2015-02",-0.00636942675159369,0.06,-0.135,-0.00100000000000011,2.9694323144105,0.000284798783665385,0.0133593629547131,0.182301557158993,-0.00817376369656575,0.74169649919,0.0116984637325512,-0.1374827812,0.0283990582695706,-0.00105042016806733
"2015-03",0,0,-0.201,-0.0069999999999999,2.88209606986901,0.0280103683021613,0.0129709688755162,-0.63805545005701,-0.00818761007240493,0.73806364611,-0.0105365632358988,-0.126949632533333,0.0364143654313929,0.0410094637223974
"2015-04",-0.0341880341880315,-0.088,-0.221,-0.00900000000000001,1.3100436681223,-0.0391889618557516,-0.0120652319298372,-0.820357007216003,-0.0018009361911803,0.74593985378,0.020767263034621,-0.0932713912766667,0.0142196451991428,0.00505050505050497
"2015-05",-0.00221238938053148,-0.141,-0.243,-0.01,1.2227074235808,0.000423251755593768,-0.0214837163666757,-0.729206228636002,0.0009303581510667,0.75919210563,-0.0104596920589425,-0.0975506721866667,-0.00333492139113833,-0.00301507537688439
"2015-06",-0.0166297117516622,-0.175,-0.275,-0.00700000000000001,1.4847161572052,0.0514442941079836,0.0117908668512718,-1.09380934295501,-0.00360689994430283,0.74898524557,-0.000391133865854654,-0.116379957746667,0.00539470090139282,0.0151209677419355
"2015-07",-0.0191657271702366,-0.07,-0.256,-0.00700000000000012,0.524017467248896,0.0098756311259014,0.00798119142414011,-1.73186479301199,-0.00631705621440111,0.75256959355,0.00153651313576608,-0.13643217392,0.0182028119269129,-0.00893743793445889
"2015-08",0.010344827586207,-0.057,-0.269,0,3.0567685589519,-0.0356915320833997,0.00152186563823076,-2.82567413596681,-0.0108416986657245,0.75820752616,0.00356241254301826,-0.07331215438,0.00567006870789566,0.026052104208417
"2015-09",-0.0261660978384529,-0.041,-0.262,-0.00199999999999978,0.6113537117904,-0.0131662465497632,-0.00426593662077945,-2.73452335738681,0.000890471950133473,0.7524785904,0.014435922380833,-0.0933420768866666,0.00742902626691144,0.0029296875
"2015-10",0.00584112149532712,0.056,-0.23,-0.00200000000000011,7.9475982532753,0.051371816167268,0.0126690334165673,-2.46107102164859,0.00272276742864988,0.76182764514,0.000141518698592025,-0.1085816315,0.00612325520148005,-0.0233690360272639
"2015-11",-0.0104529616724738,0.009,-0.243,0.003,0,-0.0430468293025602,0.00158866723293216,-2.278769464489,0.00165202458630075,0.75244696025,-0.0111372823282107,-0.0941184134,-0.00726392251816033,0.0259222333000997
"2015-12",-0.0152582159624413,0.011,-0.23,0.002,2.96943231441,0.0773730606842888,0.00266223966347545,-1.9141663501713,0.00351131018445114,0.74356909851,0.00622823694141017,-0.131414928033333,-0.0144363876071213,0.000971817298347943
"2016-01",0.0154946364719903,-0.029,-0.223,-0.011,4.10480349345001,-0.0392384481831828,0.00672002848559594,-2.36992024306861,-0.00459501427593452,0.75525543441,0.00392873338492539,-0.153764879333333,-0.0109022807838975,-0.00194174757281551
"2016-02",-0.0187793427230053,-0.022,-0.244,-0.003,6.1135371179036,0.0355799143126181,-0.0254171596113332,-1.64071401443189,0.00729857343781375,0.75820623148,-0.00318319244222653,-0.213545150233333,0.0112253178252666,0.0126459143968871
"2016-03",0.00837320574162748,-0.067,-0.242,0,4.890829694323,-0.0200878423688685,0.00643328615633543,-1.093809342955,0.00552507038426412,0.7566227351,-0.00782325315503274,-0.124941053626667,0.0134412197405345,-0.0115273775216137
"2016-04",0.00118623962040365,-0.046,-0.221,0.003,4.62882096069869,0.0224901155388417,0.000960419893373476,-0.820357007215804,0.00276737967914449,0.7498783968,-0.00261169634502412,-0.0903804984833333,-0.0031012867040493,-0.00194363459669589
"2016-05",-0.00355450236966903,-0.044,-0.218,-0.004,7.68558951965039,-0.00525995447643934,0.00887647294072136,-0.638055450056996,0.0018614446407362,0.75578681318,0.00757901945908168,-0.10570530532,0.0142308710616856,0.0204479065238559
"2016-06",-0.00832342449464873,0.051,-0.185,0.00200000000000011,7.3362445414848,0.011161404998788,0.00193212105115936,-0.273452335738,0.00363144837590354,0.76192821084,0.00265398925058413,-0.134870888773333,0.0234940938458477,-0.00763358778625955
"2016-07",0.00479616306954411,0.071,-0.144,0.00099999999999989,5.2401746724894,-0.0369191895148249,0.00186838725122662,0.364603114317987,0.00635374598203238,0.75994761537,0.00222195764519939,-0.0987881316633333,0.00522859146847376,-0.0625
"2016-08",-0.0214797136038185,0.099,-0.142,-0.00099999999999989,5.4148471615724,0.0306173462296657,-0.00580362434772252,0.911507785795806,0.00546280843790242,0.762847169,0.00465425665006114,-0.0973062557733333,-0.00412305740564189,0.0769230769230769
"2016-09",0.0121951219512197,0.137,-0.114,0.00299999999999989,5.7641921397375,0.0256610384193348,0.0026197401064898,1.0938093429548,0.00181488203266788,0.75593378782,-0.00450352044981572,-0.0732595102666667,-0.00535031847134482,-0.0276190476190477
"2016-10",-0.0132530120481932,0.107,-0.129,-0.004,4.89082969432299,-0.0381337435819199,0.00919056687082631,1.27611090011359,0.00179168657429527,0.75905418674,0.00744886186893612,-0.0768267138533333,0.00704405737705316,0.0411361410381978
"2016-11",0.00366300366300432,0.112,-0.132,0.00100000000000011,3.930131004367,0.0114750004504023,0.0015429189144005,2.00531712875001,0.00728951484632291,0.76467118448,0.0072933412273104,-0.105146589533333,-0.000254355843830711,-0.00940733772342428
"2016-12",0.0170316301703153,0.103,-0.146,-0.005,0.611353711790002,-0.0371750076512212,0.00934813639563448,2.46107102164831,0.0045773714891361,0.72734658331,0.0112181191892844,-0.108270347733333,0.0228978501462964,-0.00474833808167141
"2017-01",0.00598086124401931,0.106,-0.114,0.0109999999999999,2.62008733624499,-0.0119101253613781,-0.010158442149378,3.28142802886461,0.00819048694537341,0.7695467058,0.00641418364736523,-0.0573311412,0.0182623529411743,0.00858778625954204
"2017-02",0.00951248513674274,0.078,-0.12,-0.00099999999999989,0.698689956332004,0.00739293829194954,0.0126883428185562,3.19027725028489,-0.00098566308243698,0.76244737116,-0.00201597154040623,-0.107324313866667,-0.00463191084463233,0.0132450331125826
"2017-03",-0.016489988221437,0.118,-0.096,-0.00200000000000011,3.66812227074199,0.0224788035067636,0.0206163800356804,3.19027725028501,-0.00014453325668962,0.76595792887,0.00471116870908639,-0.12290207172,-0.00207920757820301,0.0149393090569563
"2017-04",0.00119760479041831,0.107,-0.092,0.003,2.88209606986941,0.0172139873597625,0.016014591341915,3.09912647170481,-0.00100505473783468,0.7728798934,-0.00222003210930766,-0.13286815116,9.92158244026431e-05,0.0294388224471021
"2017-05",0.00598086124401931,0.158,-0.085,-0.00099999999999989,2.794759825328,-4.75814385431095e-05,-0.00496916334971997,2.552221800227,-0.0054945054945055,0.76828112644,-0.00561840626662402,-0.11158977259,-0.000992063504262508,-0.0142984807864165
"2017-06",0.00951248513674274,0.14,-0.109,-0.00200000000000011,-0.698689956332004,-0.019137407473069,-0.00569096643487366,2.36992024306801,-0.00182149362477232,0.77105704023,0.000322337827269203,-0.0575024151966667,-0.00119165828286161,0.00725294650951946
"2017-07",0.00706713780918666,0.117,-0.094,0.003,-0.0873362445420014,-0.0344389839601356,0.0018082944369191,2.09646790733001,-0.00272727272727263,0.76954695935,0.00215833045749481,-0.12763684481,-0.00437462696939173,-0.0036003600360035
"2017-08",0.00116959064327515,0.154,-0.08,-0.004,3.930131004366,0.0975294575948857,0.00281831774566066,2.369920243069,0.00268281724797048,0.76469885208,0.00515672197266115,-0.106326218836667,0.00579189154538384,0.032520325203252
"2017-09",0.00934579439252303,0.15,-0.059,-0.00199999999999989,4.017467248909,-0.0475331500704355,-0.0175944545645216,3.007975693126,0.00616384137158754,0.77374449179,-0.0207887822778939,-0.0875362140766666,0.0124106428991408,0.0131233595800524
"2017-10",0.00347222222222299,0.188,-0.035,0.00399999999999989,2.09606986899601,-0.0899246948298859,0.00285344428196077,2.643372578808,-0.0036231884057971,0.75454525515,0.0248235554797775,-0.0862603472333333,0.013337256462487,0.00604490500863553
"2017-11",0.00576701268742785,0.232,-0.01,0.004,10.480349344978,0.156531361678597,0.0147724374568037,2.73452335738699,0.00083346827581618,0.7727502965,0.000122733349354975,-0.0151170109,0.00522597485363541,0.00429184549356232
"2017-12",0.0344036697247692,0.204,0.001,0.00200000000000011,9.257641921398,-0.0496492158679763,0.00659830457329003,2.82567413596699,0.000853485064011478,0.78415729424,0.00169484879792803,-0.0640459001666667,0.00288822570150038,0.0316239316239317
"2018-01",-0.0299334811529923,0.203,0.003,0.00099999999999989,9.34497816593901,0.0355404250640523,-0.0129267640578156,3.007975693126,0.00162914715289393,0.77084706014,-0.0067382397206418,-0.0841539522,0.000628525815461023,-0.0223695111847556
"2018-02",-0.00800000000000045,0.199,0.005,0.00700000000000001,8.73362445414899,0.00926345812350493,-0.0249638192852839,3.372578807444,0.00342981741954181,0.77357872939,0.0047372409418569,-0.115245809733333,0.00784686719772165,-0.00677966101694916
"2018-03",0.0149769585253454,0.199,0.014,0.005,6.55021834061201,0.00949090522219542,-0.00461062336523788,3.19027725028499,-0.00187486931672978,0.79434676053,0.0160574660635371,-0.0710535280733333,0.000825763831543869,0.000853242320818959
"2018-04",0.00227014755959187,0.204,0.005,0.003,5.065502183406,-0.00417378542577096,-0.0041981094216591,3.372578807444,0.00164637344148204,0.75673053627,-0.0217262642174,-0.0526932777166667,0.0180928807166392,0.0119352088661553
"2018-05",-0.125707814269535,0.203,0.002,-0.001,3.930131004367,0.025518626111992,-0.00681817629886183,3.919483478922,0.00515907136715392,0.77007460222,0.0232722714644011,-0.05362671895,0.0329956584659907,-0.0151642796967144
"2018-06",0.148963730569947,0.265,-0.018,-0.00300000000000011,7.248908296943,0.0532461623775164,0.00729258534448318,4.28408659323999,0.00342172797262618,0.7676901546,0.000939284899565962,-0.0954055702233333,0.0147380218548645,-0.0316509837467922
"2018-07",-0.00450958286358505,0.261,-0.004,-0.005,7.248908296943,-0.0439752179427272,0.000632800476420226,4.64868970755799,0.00341005967604433,0.76240639791,-0.00382380326546683,-0.05751993255,0.0039761431411538,0.0265017667844523
"2018-08",-0.0067950169875427,0.258,-0.007,0.00300000000000011,5.67685589519701,0.012929870739016,-0.00295784158472101,4.55753892897799,-0.000926581262233155,0.76139668775,0.00367446872490174,-0.0764596072666667,0.00682068206820197,-0.00516351118760761
"2018-09",-0.0216647662485738,0.169,-0.036,0.0069999999999999,5.240174672489,-0.0423386604900787,-0.035486992872648,4.28408659323901,-0.00288534479644538,0.76852904539,0.00520364058007972,-0.100110016403333,0.0145323426573452,-0.032871972318339
"2018-10",0.00116550116550118,0.131,-0.048,-0.00399999999999989,8.90829694323099,0.0116413931032853,-0.0152962207607048,4.73984048613701,0.00422297297297288,0.75366300948,-0.0119889627363886,-0.0787689234333333,0.0163704900377002,-0.0223613595706619
"2018-11",-0.0011641443539,0.121,-0.037,-0.00900000000000001,-0.786026200872996,-0.033082759772984,0.0273458079163085,4.37523737182001,-0.00347956532062838,0.77869850811,0.00737767648665577,-0.109059609166667,0.00249019815618667,-0.000914913083257085
"2018-12",-0.0011655011655014,0.111,-0.045,-0.005,3.318777292576,0.00844360967847035,0.0166454735003998,3.737181921762,-0.0059631401736664,0.77538609222,-0.0143594835652313,-0.0598463010333333,-0.0204006130754121,-0.0183150183150184
"2019-01",-0.00350058343057247,0.139,-0.023,-0.00399999999999989,1.484716157205,0.0155712664649355,-0.00688645094963458,2.916824914546,-0.00782021427313079,0.76283314195,0.00369176419405459,-0.0568570101,-0.0142972754248771,0.021455223880597
"2019-02",0.0128805620608903,0.16,-0.018,0.00199999999999989,-0.349344978166002,0.00126575459005362,-0.00789506221854541,2.461071021648,-0.00437519206407801,0.76895629378,0.0065173377392187,-0.0859305609666667,-0.00602079912424269,0.010958904109589
"2019-03",0.00231213872832425,0.136,-0.029,0,3.842794759825,-0.0357298930235764,0.0311943310191203,2.278769464489,-0.00175137890873931,0.76830517264,-0.00679214493696556,-0.0981655162,-0.00357929515419009,0.032520325203252
"2019-04",0.0161476355247971,0.171,-0.023,0,2.707423580786,0.0631820128920983,0.00325415612860414,2.005317128751,-0.0026271722166502,0.77240795178,0.00794633190243244,-0.0418273346966667,0.00480795799945311,-0.00349956255468054
"2019-05",-0.00908059023836527,0.182,-0.034,0.00600000000000001,4.97816593886401,0.00616918679078182,0.00796662904946088,1.549563235853,-0.00431518951061393,0.75425410774,0.00584021903868681,-0.08214261802,0.0155098449015472,0.00702370500438976
"2019-06",-0.00916380297823571,0.196,-0.045,-0.00100000000000011,0.349344978166002,-0.0527195161088035,0.00605856597191967,1.09380934295501,-0.00426489829303081,0.77350749038,0.00414558457749381,-0.121582176753333,-0.00010831889081675,-0.0496948561464691
"2019-07",-0.0138728323699429,0.184,-0.049,0.00300000000000011,5.32751091703101,0.0203600033658025,0.00679406337520327,0.273452335739009,-0.00762946895874485,0.77220218599,0.00183974464652392,-0.102721095713333,-0.00330408406456539,0.0449541284403669
"2019-08",0.0105509964830022,0.208,-0.041,0.003,-1.921397379913,-0.0637016723337369,-0.0163453475095465,0,-0.00254453292628477,0.76220778531,-0.00650907688577851,-0.104950119616667,-0.0069561436878427,-0.0263388937664618
"2019-09",0.0023201856148487,0.191,-0.041,-0.002,-4.890829694323,-0.0505963336175139,0.00299362004943493,-0.455753892897008,-0.00424448217317497,0.76189863175,0.00640444423677633,-0.0821042043,-0.000273627756801398,0.0405770964833183
"2019-10",0.018518518518519,0.189,-0.046,0.002,-6.637554585153,-0.0801461832076572,0.00269575640352993,-1.00265856437501,-0.00507114939366848,0.75808547068,-0.028627206750534,-0.107330253366667,0,-0.0147313691507799
"2019-11",-0.0204545454545455,0.21,-0.031,-0.003,3.318777292576,0.188919084749368,-0.00249343001692082,-0.911507785796005,0.000841042893187647,0.74828648232,0.000586708367289024,-0.1024637251,-0.00936063061090009,0.0079155672823219
"2019-12",-0.012761020881671,0.225,-0.006,-0.00300000000000011,-0.349344978166002,-0.0489940130849581,0.019349185434566,-0.273452335738995,0.00590654707802407,0.75576093181,-0.00754166080607666,-0.122847745933333,-0.0111620710615045,0.0226876090750436
"2020-01",0.0188014101057585,0.228,0.009,0.00600000000000012,2.09606986899499,0.0391798984039471,-0.00551045728593791,0.638055450056996,0.00847027809218162,0.7320224,0.0238663140760234,-0.1333485701,0.0058675607711669,0.00341296928327628
"2020-02",0.00692041522491271,0.194,0.014,0.005,4.27947598253201,-0.0207743279894118,0.00130881827123996,0.546904671478003,-0.000846740050804498,0.75173938666,-0.00520508241453554,-0.1428641817,0.000555555555558973,0.0212585034013606
"2020-03",-0.0916380297823594,0.108,-0.025,-0.00900000000000001,-28.8209606986901,-0.353235179112192,-0.0224809946653258,0.273452335739009,-0.00252952537216487,0.74561809356,-0.0528488060868425,-0.175294406996667,0.00333148250971194,-0.0582847626977518
"2020-04",-0.219419924337958,-0.552,-0.418,-0.18,-73.4497816593889,-0.926100791785003,0.0093984084694223,0.182301557158993,-0.000847446754827644,0.74111642465,-0.301530352686766,-0.30253289473,-0.02711676812396,-0.317418213969938
"2020-05",0.10177705977383,-0.411,-0.386,0.03,-44.8908296943229,5.92122736726663,-0.000256024683552014,-0.36460311431901,-0.0050561817722939,0.54590154743,-0.00527430717285959,-0.186015213163333,-0.00284414106939712,0.212435233160622
"2020-06",0.107038123167154,0.003,-0.224,0.0629999999999999,-19.1266375545849,1.07353223460865,-0.0144996768889737,0.0911507785800012,0.00422726507505757,0.53896746598,0.279661427224322,-0.147051639123333,0.0159726183685134,0.175213675213675
"2020-07",0.0940397350993385,0.187,-0.102,0.0570000000000001,-13.275109170306,0.173686901203629,0.00709376506032955,0.638055450056996,0.00506257960310534,0.64351665934,0.0951330467531719,-0.10509545571,0.0168444693992145,0.101818181818182
"2020-08",0.0387409200968525,0.288,-0.013,0.03,-8.471615720524,0.104817090148624,-0.0057476267748704,1.458412457273,0.00759213513629299,0.67564046417,0.0151250895942319,-0.0699962090366667,0.00662617338486871,0.0222772277227723
"2020-09",0.0361305361305368,0.326,0.067,0.029,0.436681222706994,0.11297157258371,0.0225682434568977,2.00531712875001,0.00501375013152899,0.68343011565,0.0443717110094071,-0.08563299204,0.00713110257816973,0.00968523002421295
"2020-10",0.0112485939257614,0.355,0.112,0.0159999999999999,4.978165938865,0.03339362763305,0.00242619778864084,2.369920243069,0.00334609482202792,0.6959272769,-0.000199833485748813,-0.0736975656666667,0.0125272331154624,0.00959232613908867
"2020-11",0.0100111234705198,0.3,0.131,-0.00099999999999989,-1.834061135371,-0.0166909125912849,-0.0192482604574574,3.463729586024,0.0099667774086377,0.70665240516,0.00489679759727291,-0.0102516698666667,0.0111350188273307,0.0110847189231988
"2020-12",0,0.318,0.149,-0.00400000000000011,3.14410480349399,0.0284075126622001,-0.00966211931378469,4.830991264717,0.0122824702886248,0.711518398,0.0049713411742982,-0.0619646346666667,0.00915039633984249,0.0101801096319498
"2021-01",0.00220264317180652,0.219,0.113,0.00600000000000012,-1.135371179039,-0.0172984403189886,-0.00150783157436407,5.924800607672,0.00944093914525664,0.71512227848,-0.00865329240322465,-0.0380560569333333,0.0216669302546271,0.0232558139534884
"2021-02",-0.0153846153846184,0.1,0.079,-0.00800000000000012,-3.930131004366,0.0485502389940731,0.00733240410946001,6.562856057728,0.00558659217877104,0.71229286747,-0.0216120550114225,-0.00872644773333333,0.0282249742002001,0.031060606060606
"2021-03",-0.025669642857141,0.04,0.042,-0.00800000000000001,27.6855895196511,-0.0344617884117234,0.0131611231092665,8.477022407899,0.0167628667628669,0.70861614298,0.0307717235389549,-0.00942416009333333,0.029106237767855,-0.0264511388684791
"2021-04",-0.0217640320733106,0.045,0.035,-0.0159999999999999,72.0524017467249,-0.117982281776314,-0.0217848715317156,10.208887200912,0.0147940462550448,0.72613866018,0.00281010970190176,-0.01746059557,0.0257473057980206,-0.00452830188679243
"2021-05",0.0117096018735365,0.12,0.042,0.011,23.6681222707423,-0.33244046462703,0.0199885520955823,12.123053551083,0.0165294669673319,0.72964171347,-0.00858309619683129,0.0254104323766667,0.0306631804135959,0.018953752843063
"2021-06",-0.00347222222222188,0.209,0.076,0.016,12.3144104803489,0.459873726991242,-0.000475869969311038,11.849601215343,-0.0026236384808886,0.72218176187,0.00343747930007376,0.0555449041566667,0.0329797047970464,0.0193452380952381
"2021-07",-0.0139372822299648,0.205,0.084,0.0069999999999999,10.917030567686,0.0831193390109402,-0.00359035422578147,12.396505886821,0.00447597861576548,0.72741657427,0.0169813757275796,0.0395813179466667,0.0225050234427373,-0.0364963503649635
"2021-08",-0.00471142520612566,0.212,0.07,-0.00399999999999989,11.528384279476,0.027694427326693,0.00729235980715748,12.57880744398,0.00090550120637943,0.73256221168,-0.007907192113906,0.07501704116,0.00572077383291769,0.0704545454545455
"2021-09",-0.00591715976331375,0.195,0.064,0.005,4.71615720524001,0.012430736189764,0.00617085099155368,12.66995822256,0.00014335943984212,0.73251416484,-0.0202730515735369,0.0529254328166667,-0.00247503256622117,-0.0276008492569002
"2021-10",-0.00119047619047541,0.18,0.052,0.0109999999999999,3.842794759825,-0.00971709648384866,-0.0152531479157026,14.128370679833,0.0116811860762796,0.73221863749,0.0205710702005102,0.0895751327,0.0017411744221516,0.0131004366812226
"2021-11",-0.00119189511323026,0.198,0.021,-0.00599999999999989,0.349344978166002,-0.0373597558307461,0.0117321535462005,13.672616786935,-0.00481593119818892,0.73436064979,0.00137478821606019,0.0457976648333333,0.010863425020641,0.0352011494252873
"2021-12",0.0274463007159906,0.185,0.001,-0.01,0.698689956332004,0.0592138476416748,-0.00386006104223113,12.031902772503,-0.0147123275795638,0.72917645363,0.0201402950984975,0.0404790181666667,0.00704982160512402,0.0208188757807077
"2022-01",-0.0162601626016261,0.131,-0.016,0.01,2.270742358079,-0.0340038491865183,0.009552308444994,10.846942650968,-0.0110923950340007,0.75624506716,0.00296186238226137,0.0607805155,0.0159217996329009,-0.0299116247450715
