"","EXPCA","IMPCA","FRALOCOBXNOSTSAM","IMPGE","DEUXTIMVA01CXMLM","IMPUK","BOPGSTB","BOPSTB","WOTHAST","EXPMANUS","BSXRLV02USM086S","AUESA","BOPSIMP"
"1996-10",-0.228191667597454,332.800000000001,0.00132803209328447,511,-721397643.983711,58.2000000000003,-0.349190779794017,0.236259709805071,-0.809350000000002,1142.9,0.13,-0.0192307692307692,0.0193255613801737
"1996-11",0.544283646888568,1093.9,0.00122099403524589,243.8,-1789327827.5984,71.5,0.0954031650339111,0.0131594546532305,-0.885450000000002,-144.599999999999,0.12,-0.0239651416122004,-0.000690819772797058
"1996-12",-0.465748289757286,1013.8,0.00110539858310243,34.5999999999999,-2846892173.991,639.9,0.441249312052834,-0.0607301661596068,-0.687750000000001,-576,0.09,0.0066964285714286,-0.00337967585836085
"1997-01",1.51201543588844,1474.7,0.00123346155163739,168.4,-2909606975.7299,361.6,0.075799522673031,-0.104771396536689,-0.6294,3525.1,0.11,-0.199556541019956,0.0376878612716762
"1997-02",-0.378535018504294,1081.8,0.00164309855045186,377,-2804165292.8168,188.2,-0.132487354689857,0.0102978012802672,-0.00325000000000131,3335.4,0.05,0.240997229916897,0.00230243612596559
"1997-03",0.574157303370787,1306.3,0.00206544594694358,460.2,-4995590995.65501,345.5,-0.142491816693944,0.0557851239669422,-1.1005,6683.5,0.12,0.0200892857142858,-0.00370507595405711
"1997-04",0.277373304782297,1099.2,0.00240590402840124,594.8,-2160411241.49831,261.1,-0.0354288440892282,0.00352250489236794,-0.998049999999999,5662.4,0.13,0.0590809628008753,0.0008181480104128
"1997-05",-0.149754135002234,584,0.00280396814099437,311.9,-553957757.644897,215.6,0.0380905268365075,0.0210608424336973,-1.302,4803.8,0.09,0.105371900826446,0.013897146254459
"1997-06",-0.220491587802313,335.599999999999,0.00295936574184474,516.2,-149702653.299599,105.4,-0.147724565165595,0.00165520753756043,-0.56475,5982.1,0.1,-0.0504672897196262,0.0100417796672285
"1997-07",0.235983475255037,779.4,0.00278161346948957,157.6,-2613236685.2829,391.6,-0.0169136147609729,-0.0231346129401296,0.240400000000001,7087.7,0.13,-0.326771653543307,0.00645863570391869
"1997-08",-0.0993178717598912,393.4,0.00250420367338355,86.0999999999999,-3819883672.7628,227.7,0.243139485283663,0.0100195185426155,-1.04075,5053.9,0.11,0.494152046783626,0.00692191217823934
"1997-09",0.313389881853983,985.5,0.00186477236082561,241.2,-1949771580.7942,484.9,0.0601624156468032,-0.055913424375161,-1.3815,7013.3,0.03,-0.262230919765166,0.0200501253132832
"1997-10",0.137758044054896,1463.3,0.000976455162234435,435.2,-1330504187.7287,584.1,-0.0194195706117165,0.0549945414847162,0.117000000000001,5560.89999999999,0.04,0.249336870026525,-0.0174096174096174
"1997-11",-0.633976990522528,411.699999999999,0.000375222539621189,263,-1414763726.62521,237.1,0.0766861040818572,-0.0857586340706248,1.07925000000001,4938.3,0.08,-0.0934182590233545,0.0180753018503965
"1997-12",1.93575186928828,1426.6,-0.000237925107333004,564.9,-1717425176.1782,277.7,0.153586756591048,-0.000990379173740785,0.0295000000000023,6157.8,-0.02,-0.11943793911007,0.00512280701754375
"1998-01",-0.818649184039241,-457.6,-0.00070930532923863,208.9,-290382511.263107,115.4,-0.0454424661174595,0.0253505169239485,-0.217549999999999,4557.6,-0.09,0.321808510638298,-0.00383997765831179
"1998-02",1.13914174252276,489.199999999999,-0.000803448826029785,276.2,213539419.157394,144.4,0.0731254639940608,-0.0693370165745857,0.917500000000004,2503.8,-0.07,-0.179074446680081,0.0208858985141576
"1998-03",0.911610942249242,1324.7,-0.000813396919386866,920.1,2259929585.2849,329.4,0.113801452784504,0.0994360344315821,0.972249999999999,1925.7,-0.06,0.0318627450980393,-0.00659069064945761
"1998-04",-0.598422692870317,834.4,-0.000991876598423036,495.4,2673601919.7622,260.4,0.0822981366459627,0.0188984881209504,0.931999999999999,-1353,0,0.0332541567695961,0.0261921216309606
"1998-05",-0.104212860310423,435.800000000001,-0.00110713071973978,312.2,-652015649.911896,17.2999999999997,0.0187948350071736,-0.03404875463699,1.658,-1302.89999999999,-0.06,-0.0275862068965518,-0.00444474375378812
"1998-06",0.543316831683167,555.700000000001,-0.00138908366210466,536.6,2031691449.9946,542.7,-0.067244050133784,-0.0796872856946921,0.826499999999999,-494.400000000001,-0.05,-0.0945626477541371,0.0142731515930461
"1998-07",-1.68232329018215,-108.799999999999,-0.00191871297607127,519.7,2396687433.0194,54.5,0.0529931305201177,-0.0511177347242922,0.928199999999997,-2802.1,-0.08,-0.248041775456919,0.0113378684807257
"1998-08",-0.779214237743452,196.6,-0.00258035239893306,676.2,2793871363.747,222.5,0.14904294214639,-0.000942359038793805,1.5295,-2373.4,-0.11,0.472222222222222,0.00276971775257184
"1998-09",0.158935361216727,684.4,-0.00328508111987236,560.2,2507082730.7886,252,-0.075368105814824,-0.0133626788240843,2.5858,-1252.1,-0.08,0.0566037735849056,0.0136130474812575
"1998-10",-0.45538057742782,750.1,-0.0038308516761113,760.1,3569537744.1666,-83.9000000000001,-0.00033738191632926,0.051465901848311,2.6651,-132,-0.16,-0.0290178571428571,0.0244598715370141
"1998-11",-9.54216867469879,1005.8,-0.00384068478930488,655.9,1566335820.92941,386.8,0.0241646979412757,-0.00303076223670251,3.29675,-454.199999999997,-0.12,0.0988505747126436,-0.0127295756808107
"1998-12",-0.659943582510578,311.6,-0.00342274259493469,799,5628892119.9414,-62.4000000000001,-0.0282080010545047,0.0585195318437453,3.5714,-749.400000000001,-0.12,-0.0481171548117154,-0.000256591186092781
"1999-01",-0.932807963500619,1321.6,-0.00276249408890672,260,-631140678.375893,100.8,0.0767039674465921,-0.0676335439402642,4.7925,-2438.2,-0.02,-0.0725274725274725,0.00635226179018278
"1999-02",6.64197530864159,1327.8,-0.00198436784591238,543.1,1769078834.7618,335.5,0.163265306122449,0.0289542584321576,4.08799999999999,-1583.89999999999,0.03,0.177725118483412,0.0110941086457537
"1999-03",2.32229402261714,1708,-0.000914166099294622,159.599999999999,2767638673.4478,235.7,-0.0405566385098549,0.00538841490794795,2.65415,-1847.3,0.01,-0.040241448692153,0.00687350233320716
"1999-04",-0.499149039630439,1139.5,0.000453178586422132,155.8,-1327651626.6755,248.4,0.0128111067215984,-0.0172696144111955,1.3843,-107.200000000004,0.05,-0.0167714884696017,0.00331934615143736
"1999-05",1.95,1575.1,0.00168362841157244,500.8,3009722134.4108,378.3,0.117017719826145,0.00712013331313432,1.14325,-789.300000000003,0.04,-0.0639658848614072,0.0076154806491886
"1999-06",0.95441829850255,2761.5,0.00244940760455803,733.3,-564272748.293999,311.4,0.141973461039609,0.0318892900120338,1.1003,-73.5,0.08,0.118451025056948,0.00712427208524335
"1999-07",-0.156100025258905,2366.1,0.00305087738828314,696.5,-1236080348.4766,515.7,0.00908614363096283,0.0284256559766765,0.280800000000006,718.400000000001,0.03,-0.0875763747454176,0.0174693977978717
"1999-08",0.687219395390603,3483.9,0.00326802713040064,539.5,3539437971.4566,408.8,-0.0205194805194805,-0.00127569099929126,1.126,3292.1,0.1,-0.0491071428571428,0.00622695121213956
"1999-09",-0.309266158121932,2166.8,0.00312757766247329,555.7,399163374.56459,421.7,0.00322637673473003,-0.00723814930457001,0.3628,2184.8,0.16,0.0469483568075117,0.00865176640230714
"1999-10",-0.30297063607568,2073.2,0.00280480114109283,209.3,-2557658016.69559,330.3,0.0296488832107142,-0.0237312365975697,0.140250000000002,317.900000000001,0.04,0.0426008968609866,0.00160829163688359
"1999-11",0.870916236796857,2986.2,0.00263038285050454,761.900000000001,2282605797.0755,573.6,0.0750470648639399,-0.0191828964709327,-1.10975000000001,2341,0.12,0.103225806451613,0.015581326196848
"1999-12",-0.182826757697105,2545.4,0.00240104880941994,270.900000000001,-2193853327.5748,538.8,0.0323569211175674,-0.00940579277396236,-0.986200000000004,3833.8,0.05,-0.0506822612085769,-0.00743690343737191
"2000-01",0.181314267352186,3028.4,0.00229739197734791,655.8,2667760641.83649,188.8,0.0459539689270982,-0.0613413715146948,-1.28075,1361.7,0.05,0.0780287474332648,0.0189380530973451
"2000-02",0.306222373342401,2797.4,0.0023421633519618,420.7,880799677.7743,579.3,0.0981534038553684,0.0308285163776494,-1.51925,3822.8,0.06,0.0361904761904761,0.0235655144461815
"2000-03",0.0939712619741773,3661.4,0.00223754674715404,557.8,2934755468.9286,880.599999999999,0.0256091830569913,0.0543613707165109,-0.411999999999999,3996.5,0.1,-0.112132352941177,0.00633555832107713
"2000-04",-0.682291914529102,2517.4,0.00198178339147259,546.8,-908336888.032196,182.1,-0.0641096966325229,0.045058354262077,1.58475,2458.7,0.05,0.0331262939958592,0.0114671163575042
"2000-05",1.52112043139605,3491.8,0.00170723161529462,281.3,4300820930.658,601.3,0.0198265612979929,-0.0503251342945999,0.756550000000004,4050.7,0.13,0.0841683366733468,0.0127264643770146
"2000-06",-0.116748856277107,3259.2,0.00106014190294346,-111.900000000001,1414891111.7067,262.5,0.042516715240871,0.0212860970526942,1.3752,6895.5,0.09,-0.0757855822550833,0.0104812599462218
"2000-07",-0.57385981434145,2256.4,0.000168208149845528,-47.5,2495222169.7735,157.4,0.0278572603190266,-0.0852645386969829,2.27325,3666.2,0.04,0.02,0.0255783642880416
"2000-08",1.38405682715075,2577.9,-0.000615959755203233,725.700000000001,2194821527.15859,504.4,-0.0422692947651351,-0.0269279796048438,1.29935,6668.2,0.03,0.0901960784313727,0.0109081281440297
"2000-09",-0.718996225915381,2053.7,-0.00130414924518907,394.900000000001,-380898636.943893,-121.6,0.113661421268918,-0.0412641231373834,1.0304,3942.89999999999,0.05,-0.174460431654676,0.00497616678015822
"2000-10",1.1225259189444,2713.1,-0.00182468056207208,309,897463253.368195,501.9,0.00135001350013497,0.0495303159692571,1.35575,4643.1,-0.07,0.183006535947712,-0.0109976024184301
"2000-11",-0.933503552397869,1792.9,-0.00197097322624051,-124.6,2004300041.75591,383.1,-0.0196237042363233,-0.00211554109031731,0.574600000000004,3335.8,-0.02,-0.0976058931860037,-0.00384716732542822
"2000-12",-9.64607679465781,1977.6,-0.00189305897327996,-323.400000000001,3472117493.333,-12,0.0213000030559545,0.062133072407045,0.611550000000001,-302.199999999997,-0.05,0.285714285714286,-0.0202624060945932
"2001-01",-1.11990731801506,2863.4,-0.0016928999010124,668.3,3937828208.7041,908,0.0533213644524237,-0.147551051742668,0.999000000000002,4501.7,-0.09,-0.212698412698413,0.0402829526432313
"2001-02",-26.9549114331722,171.400000000001,-0.00173797378642182,372.4,2671983543.1441,82.0999999999999,-0.167632520879495,0.0814121037463977,1.25025,1375.3,-0.08,0.030241935483871,-0.0228912535686479
"2001-03",-0.03089713363941,-785.700000000001,-0.00209142180404476,-64.6999999999998,-2263413620.01879,-485.4,0.119825261936453,-0.045802798134577,2.1381,1333.7,0.02,0.131115459882583,0.00919039524011889
"2001-04",-0.749615877080667,95,-0.00245368424212922,359.7,3941727573.6439,263.7,-0.069822016335487,-0.025309827194973,1.42125,-1220.1,-0.03,0.140138408304499,0.00315839343054169
"2001-05",0.856302735873185,-233.199999999997,-0.00270790269152832,390.3,-2656975036.0799,-228.4,-0.11225058156679,-0.00877507163323787,2.77359999999999,636.100000000006,-0.08,-0.209408194233688,0.000157422469433843
"2001-06",0.381542699724518,-1476.4,-0.00308337659930547,139.5,-1583129660.6703,-259,0.0758811588854031,0.0260162601626017,2.4595,-4373.5,-0.06,0.168905950095969,-0.00855194123819514
"2001-07",-0.548753738783651,-1096,-0.00327089479950826,483.2,-1603056628.4693,-44.2000000000003,0.0257624095228295,-0.0714914597640429,2.039,-4576,-0.03,0.00164203612479485,-0.0201090120124887
"2001-08",2.44940344675211,-1813.8,-0.00298664895216627,-239.900000000001,-1637819107.1793,-521.1,-0.0604641829977928,0.00455148871610089,2.5644,-7316.9,0.05,-0.0360655737704918,0.00302424798833512
"2001-09",0.552908019472202,-2680.4,-0.00239840173974804,-562.5,-108554000.041702,-535.7,0.0755677368833203,-0.0332263545403059,4.74225,-9721.2,-0.04,0.0697278911564627,-0.0386044257793571
"2001-10",-0.245009074410163,-2958,-0.00167002630033797,-124.400000000001,412365191.475197,-37.4000000000001,0.0122778568355562,-0.122046475297793,2.3241,-8760.6,-0.15,-0.179650238473768,-0.0211133512544803
"2001-11",0.0627731643356642,-2799,-0.000997449842268905,-378.9,-2392991307.7523,-470.6,-0.0191251471165163,-0.111877224199288,1.81915,-8556.7,-0.01,0.0891472868217054,0.00846730362148862
"2001-12",0.0646686886341443,-3857.7,-0.000232338756764761,-479.299999999999,-7891102590.7568,-648.4,-0.0838249508382495,-0.0651139494114701,1.4135,-9887.7,-0.08,-0.0765124555160143,0.0146933681284394
"2002-01",-0.225001207088021,-4106.8,0.000426243928504766,-680.3,-8255328897.8184,-810.4,0.0796711292200232,0.106080900080364,1.3082,-8805.60000000001,-0.01,-0.0231213872832369,0.045119087554512
"2002-02",-0.384088218802568,-2083.9,0.00087641705959185,-210.3,-5456845121.82119,-686.5,0.0951209650245974,-0.0992976507628965,1.427,-8243.1,0,0.220907297830375,0.038517091959557
"2002-03",0.587800930608945,-2494.7,0.00119203169888449,-90.1000000000004,-5070227654.59451,-380.9,-0.0412295006307498,0.328045173433719,1.3935,-7829.8,0.03,0.0113085621970921,-0.0119507546489466
"2002-04",-0.815442441230808,-547.100000000002,0.001293439055569,-193.099999999999,-934842795.079803,16.7999999999997,0.0899842752158146,-0.0518323547276777,1.74275,-3378.60000000001,0.06,0.00159744408945683,-0.00818518325426199
"2002-05",0.800483258543311,-809.400000000001,0.00105625267746889,-319.1,-3837106130.4838,20.0999999999999,0.00179596643603719,0.10740978005552,1.7908,-4390.2,0.07,0.0430622009569379,-0.000367956265769576
"2002-06",0.604486196319022,-1478.6,0.000506485107344634,-163.7,4136958989.1411,0.200000000000273,0.0207488391230235,-0.0466640956421134,1.74,-2867.89999999999,0.12,-0.0214067278287463,0.0187726770784036
"2002-07",-0.888875612379018,118.299999999999,8.38249088379595e-05,373.400000000001,2714091558.0955,217.2,-0.0235805597143844,-0.033373786407767,2.44835,76.2000000000044,0.05,-0.1953125,-0.00046454010529573
"2002-08",-2.6010752688172,-57.7000000000007,-7.969434208277e-05,52.3000000000002,1940516213.704,200.1,0.0728924011441041,-0.00585896631094374,1.44075,-515.099999999999,0.07,0.192233009708738,-0.0025303382390911
"2002-09",5.11752854264608,1163.4,-6.26009083859458e-05,766.5,3691290241.34049,509.9,-0.00816270441115841,0.0709324352767839,-1.033,1671.8,0.08,-0.122149837133551,-0.00859391178297786
"2002-10",-0.113294543857724,1501.7,4.01132942366988e-05,955.6,3396912701.1572,-196.4,-0.0275160718244292,-0.136595911949686,0.4694,442.900000000001,0.02,0.107606679035251,0.0410966057441253
"2002-11",-0.140398662869877,514.700000000001,0.000114658116801447,1168.8,4467088085.8308,30.7999999999997,0.125943866647671,-0.0245845663555657,1.4735,335.099999999999,0,-0.0469011725293133,0.0195616191001655
"2002-12",0.211868068558263,1099.9,-0.000169623577830014,1769.1,7599934320.2963,455.3,0.10355561179299,-0.140723453908985,-11.9445,-762.600000000006,0.01,-0.0492091388400703,0.0176120430953903
"2003-01",-0.0156475314951282,1400.135108,-0.000868826028301961,681.993261000001,11955718972.5456,-43.362556,-0.0562065723393034,-0.042368278109723,-25.7154,1223.60000000001,0.08,0.131238447319778,-0.0187092095721537
"2003-02",0.116065701984013,1003.9588,-0.00151665310163318,224.635555,10761722491.6084,632.689142,-0.0260958304985908,-0.0436755530346001,-25.3165,1479.6,0.09,-0.0718954248366014,0.00187210562617013
"2003-03",0.520602554526622,2341.428576,-0.00197091391959381,1016.259356,12638069700.1907,475.610272,0.0929095354523228,-0.0275800711743772,-26.6085,1258.10000000001,0.05,-0.00528169014084501,0.00334382376081832
"2003-04",-0.620874830220301,268.565079,-0.00178233021457663,757.960333,7861536892.9736,-187.258263,-0.0403825959914167,0.106739859713327,-26.64405,262.800000000003,0.04,-0.0194690265486726,-0.0126935894922564
"2003-05",0.166870845917903,-125.617146000001,-0.00120044332089086,982.983333,14218606855.9989,-28.2281250000001,-0.0235982586768799,0.119592174152659,-27.44695,-351.5,0.04,0.0324909747292419,-0.0193100024820054
"2003-06",0.269612835731429,1138.060774,-0.000511202368003394,1116.940853,7891080576.83881,198.160748,-0.0328663661834572,0.0337189269013045,-27.525,-18.1000000000058,0.13,-0.115384615384615,0.014223527029763
"2003-07",-0.46507609214596,1168.552003,0.000402197950335692,-11.3404280000004,7892306545.5265,-55.815748,0.0409361144699718,-0.138095238095238,-28.13,492.099999999999,0.09,-0.0375494071146245,0.0539501921445327
"2003-08",-3.18655120210605,-358.998747999998,0.00123828815106819,27.4646759999996,3901292500.2598,-200.818093,-0.0345828997362116,0.0273480662983425,-27.79525,-1520.6,0.12,-0.0595482546201234,0.0160526565015626
"2003-09",-2.28246930551457,1499.31043,0.00193114976319175,101.683806,7036502712.834,389.757934,0.0488819813496439,0.013444474321054,-27.78625,1095,0.08,0.205240174672489,0.0157058302651816
"2003-10",-0.280349826259436,1093.643913,0.0024258378014268,67.2437639999998,8968436581.3991,413.906,-0.0108503417618661,0.0565136641018837,-27.3932,2661.1,0.15,-0.0398550724637682,0.0117463522070294
"2003-11",-0.190448155699563,955.593701999998,0.00262816729170323,295.634317,10290565145.387,-76.3006139999998,-0.0360007731709674,0.0361627322953291,-27.16175,2873.9,0.14,-0.0433962264150943,0.0070294784580498
"2003-12",1.42536804715459,2122.317816,0.00229690963632456,345.533016,11004446374.8815,531.716756,0.10481728407439,-0.00242365487154628,-13.98515,5209.9,0.16,0.0631163708086784,0.0240486376942131
"2004-01",-0.74534758524739,1190.517858,0.00174128599554657,136.3574,7120607686.2355,200.345961,0.0128176043557169,0.0257531584062196,-0.6028,2719.3,0.14,-0.267161410018553,0.01583183077532
"2004-02",1.5957293161585,2173.157513,0.00143068863187801,1128.084395,9226586401.8457,2.05725299999995,-0.00208310001119949,0.0599242065371861,-0.484,5261,0.09,0.20253164556962,0.00497857050088757
"2004-03",0.68833070701565,2660.635597,0.00130455108648797,519.911583999999,9386694921.8085,504.825771,0.0494253905548572,0.0701675977653631,0.1067,7487.3,0.24,0.111578947368421,0.00990781425002152
"2004-04",-0.260703185846673,3044.268582,0.00103352103281984,678.707246,7990043405.7535,652.914995,0.0113145399324122,0.0229693046565045,-0.00244999999999962,5769.4,0.23,-0.0795454545454545,0.010450435079338
"2004-05",-0.200791195403992,2582.191108,0.000691503111032388,732.485726,4692249122.76511,331.191038,0.00571029756995123,0.0220453153704838,0.3035,7024.6,0.21,0.0205761316872428,0.00088648739921493
"2004-06",0.295924203941307,4676.563862,0.000421041469707228,328.029532,6883331943.9595,434.585184,0.139128971884003,-0.0471340123826642,-0.0213000000000019,4035,0.18,0.0241935483870968,0.0112188949810206
"2004-07",0.282840735640702,2697.168221,0.000100685013900037,920.315218,9460906292.0943,48.622903,-0.047314884897266,-0.0572207084468664,0.1999,4959.9,0.13,0.0551181102362206,-0.00321154487821151
"2004-08",0.678984112962403,4433.982713,-0.000207181879288476,1352.795405,10627235616.4941,284.822901,0.0395496647676628,-0.269230769230769,0.396249999999998,6234,0.1,-0.108208955223881,0.0472404703125653
"2004-09",-0.313272051314257,2327.263255,-0.000506441241868272,978.930004,11091133205.4044,-150.397359,-0.0365537681510616,0.280803163979312,-0.368600000000001,6988.7,0.05,-0.0460251046025104,-0.0237733738213202
"2004-10",-0.331066338288155,2273.114652,-0.000773928682254788,973.847113,9017037283.12019,-74.3774429999999,0.0652401037031305,0.0698337292161519,-0.336550000000001,5557.4,0.1,-0.271929824561403,0.0255392297302828
"2004-11",0.468273250141847,4234.990966,-0.000938024822904393,912.645601,14133210138.8981,765.264856,0.0709978568055505,0.00555062166962705,-0.303249999999998,2528.1,0.09,0.373493975903614,0.0142475156642854
"2004-12",0.0213424328282372,2471.33129,-0.00102179524107382,490.773258,11291489403.1043,479.009859,-0.0686655247850493,0.0459262530359903,-0.876800000000001,6894.2,0.16,-0.0877192982456141,0.00912882663099079
"2005-01",0.0617215045375403,2913.742268,-0.00111232020749619,942.877391,7189935117.46389,341.693289,0.0231435959066244,0.0540426430230103,-2.0195,5377.9,0.13,0.0745192307692308,-0.00432816033689465
"2005-02",-0.24813453526837,2145.931598,-0.00118589148015746,389.891565,3834767403.7902,210.048313,0.0339034330562922,0.0719006609252955,-0.0704999999999991,3608,0.12,-0.0872483221476511,-0.00293714509496767
"2005-03",-0.000482761532501819,1526.384187,-0.00114003780212713,591.593371,5058039530.2774,99.6839579999996,-0.0853788687299893,0.0865097159940209,-0.147599999999999,3976.9,0.14,-0.0441176470588235,0.00404556166535741
"2005-04",0.227701303821465,1959.333822,-0.000781179075752259,320.030669,10447056371.4813,155.197224,0.0786313848006925,-0.0870163370593293,0.0327500000000001,7121.1,0.17,-0.00769230769230766,-0.000430309431600384
"2005-05",-0.0301086509393276,2277.647391,-0.000239607575182155,766.327021,9388456757.4784,435.165172,-0.0221943048576214,0.0634771143341495,0.16075,4246.8,0.12,0.193798449612403,0.00379618033813389
"2005-06",0.11694199505075,421.42222,0.000283852683135244,987.748465000001,5232329862.7527,177.889019,0.0376873661670236,-0.0348919589089621,0.2074,8294.8,0.05,-0.307359307359307,0.00686186595968663
"2005-07",-0.619902665780653,1310.739064,0.000676024086843308,501.375948,1484014869.8017,275.346587,0.00256225065345994,-0.07469260414755,0.381500000000001,5158.39999999999,0.11,0.140625,0.0100290416263311
"2005-08",1.54822038574627,3022.986359,0.00103189581030927,935.819122,7454819302.9889,682.987745,0.00761564981732721,0.028163427211424,0.20185,8533,0.07,0.0821917808219179,0.00295200122680561
"2005-09",-0.204290694646299,4261.841816,0.00141075589436457,450.752459,5660388738.95409,856.075357,0.104468465401311,0.0893132716049383,1.11285,3405.3,0.12,-0.0202531645569619,0.000611597416000809
"2005-10",0.0241671176041973,5314.157462,0.00181084144543231,504.866515000001,3546645970.6218,851.726035,0.0367282142967233,0.0472817425181513,1.01875,4234.4,0.07,-0.155038759689922,0.0110402261527296
"2005-11",-0.019850881805344,3507.240119,0.00214297415816511,605.762854000001,-2383259349.07591,773.419812,-0.0506355459748755,0.0081163341224213,0.854149999999999,8589.2,0.16,-0.0122324159021409,0.00729237512279912
"2005-12",0.00124496468617297,5363.030925,0.00233982683075351,488.251671,2603400989.3173,-100.434778,0.0111025853834228,-0.00234820530023483,1.96795,5988.1,0.07,0.532507739938081,0.0163171911924678
"2006-01",-0.0294203809777974,4126.372829,0.00239091265641678,654.893316,5446639445.5956,279.40289,0.0371546276793457,-0.00739744451916613,2.5115,7989.1,0.17,0.0424242424242425,0.0312984424595852
"2006-02",0.0862518238938295,2247.495497,0.00228288491276141,501.359469999999,7396243327.8464,111.546329,-0.0695715800319561,-0.121781842818428,0.455,7181.5,0.13,0.0736434108527131,0.0286665235129913
"2006-03",0.214737711829446,2468.117267,0.00184788036437888,676.534657,9608578891.97041,373.171866000001,0.00142838800796041,0.0838958534233365,-2.9026,10168.5,0.19,-0.0685920577617328,-0.0100198309153533
"2006-04",-0.553512453382702,1378.789716,0.00146782909085141,803.685442,4175963813.88961,137.065543000001,0.00330144077439631,0.0862989323843417,0.373999999999999,5489.2,0.1,0.114341085271318,0.0160955895273238
"2006-05",1.16856277741689,2931.290817,0.00107883759459493,30.0090840000003,10642781216.4349,754.878199,0.035381690973276,0.058968058968059,0.414499999999999,10272,0.13,-0.102608695652174,-0.00221353716321382
"2006-06",0.0128069062075662,2871.942014,0.000569752214977681,349.403493,12349651275.7186,492.981285000001,-0.0157055139004597,-0.082907965970611,1.0234,9991.3,0.13,0.127906976744186,0.00724461853097158
"2006-07",-0.131833133178894,1839.337168,4.79492963942896e-05,199.254715,14027498833.0389,524.88891,0.0487304075235109,-0.0254680384550514,0.359499999999999,8724.10000000001,0.03,-0.0378006872852235,-0.00278752839149288
"2006-08",0.0714414620761397,1257.909113,-0.000341989811312393,263.790523,10642257890.9039,466.480339,0.0204456799533694,0.0276912426445137,0.211600000000001,9658,0.09,-0.0625,-0.00300238119888185
"2006-09",-0.567678017328319,-983.565674000001,-0.000430141022618957,310.099472,13952412722.5495,-2.52014099999997,-0.0466042737671544,0.0414280902660829,0.176500000000001,12171,0.08,-0.15047619047619,0.00837660089996528
"2006-10",0.395025921998228,-2644.244125,-0.00019036276447737,-155.527426000001,14452208288.4439,-253.412638,-0.0853675397495968,0.0373544631306597,-0.0427499999999998,10204.7,0.12,0.334080717488789,0.0210421529589455
"2006-11",0.0683284031119797,-1140.709855,0.00025998514343617,254.996467999999,16205038694.7957,-375.445375,-0.0100608015049213,0.0689010132501948,-1.241,10043.3,0.14,0.053781512605042,0.0147251638930912
"2006-12",-0.785694949338916,-2299.168665,0.00063683206950671,442.678726,13389478791.9717,-28.6398280000003,0.0499329815572032,0.0758349132273588,-2.00525,8145.7,0.07,-0.0749601275917066,0.00861412053142496
"2007-01",0.928309723227309,-851.067070000001,0.00089544542341069,242.717568,12310932212.8893,238.958124,-0.0625060599204939,0.0521892368171344,-0.920399999999999,7921.6,0.05,-0.0810344827586207,0.00814637190815626
"2007-02",-0.256102759161973,-71.2327519999999,0.00110861674544993,111.337343,15745060299.6863,23.1942340000001,0.00801530665011896,0.0179077557330585,-1.19625,5414.7,0.08,0.232645403377111,0.010361343716399
"2007-03",1.11496882733451,759.926219000001,0.000981407949349755,292.803258,12856579919.7498,-31.3515070000003,0.063338976384685,0.0708771041640299,2.4385,6895.8,0.11,-0.286149162861492,0.0105775742526364
"2007-04",0.309203852093719,1247.159717,0.00074714830848821,113.320471,14677905141.5821,155.225825,-0.0271617644693888,-0.0338021510459756,-0.943,6529.3,0.14,0.181236673773987,0.00532916360851399
"2007-05",0.166060057503916,461.060013999999,0.000484327009028229,290.582787,7590053683.24899,54.9171180000003,-0.0152411809435646,0.0181039755351682,-0.9862,7254.2,0.18,-0.0866425992779782,0.00964956830878627
"2007-06",-0.314798633178671,1293.214324,0.000320675615184118,332.563608,11508259025.726,322.681699999999,0.0071342241321426,0.0498618286675478,-1.088,6363.5,0.12,0.0533596837944663,0.00697937625754519
"2007-07",1.40925184621915,1682.982636,0.000217142154677052,978.877161000001,11699774437.2424,462.583064,0.00415020751037543,0.0243762874799724,-1.17525,8517.39999999999,0.13,0.0281425891181988,0.0151420543240712
"2007-08",-0.492552746001076,603.571478000002,7.05710888331268e-05,792.744079999999,13107098406.4292,98.9855100000004,-0.0503269926634133,0.0999888280639034,-0.870200000000001,8024,0.14,0.0419708029197081,0.00944179609411044
"2007-09",0.654570777698192,1424.374419,-9.9150272986015e-05,450.130415,7714056074.98581,302.178841,0.0164994581745728,-0.0295551492992078,-0.94875,6030.3,0.09,-0.0893169877408057,-0.000914021083419647
"2007-10",0.840890173984603,3633.58591,-0.000207881500243756,1103.599125,16579348413.7579,927.126179999999,-0.0084597131950892,0.112820512820513,-0.75365,10484.6,0.14,0.0230769230769232,-0.00213466699194931
"2007-11",-0.121031416297086,2768.513688,-0.00010030835928232,295.026845,14893072346.883,607.650771000001,0.0523011826726321,0.0399699050126963,0.274600000000001,7873.60000000001,0.17,-0.0169172932330828,0.00748731740113695
"2007-12",-0.375504054678336,1666.814778,-5.83065280255202e-05,78.3436649999994,9486913114.15231,182.374081,-0.03941860848357,-0.0238741182854042,1.10375,7852.79999999999,0.05,0.18546845124283,0.00910000910000908
"2008-01",0.469738286723216,2244.278733,-0.000150545258198242,224.986326,18318625982.1442,518.274608,0.0523074283753646,-0.0447470817120622,0.796799999999999,8424.40000000001,0.17,-0.00967741935483868,0.0263624612979829
"2008-02",0.0892340695748168,3820.191596,-0.000209065699970479,987.723247,14965231985.6683,998.741997,0.047050000815142,-0.0413151003782368,0.9185,15372.9,0.12,-0.231270358306189,0.0143802717900656
"2008-03",-0.667471280260242,2730.428126,-0.00056918445612042,805.552414,15805594052.8026,-11.0535979999995,-0.0626702997275205,0.0842690945877593,0.78425,6479.8,0.13,0.279661016949152,-0.0111736682546557
"2008-04",2.33933881623809,5148.68282,-0.00117124997805751,1358.823438,23813536960.2907,487.034712,0.058687707641196,-0.0126889345027057,0.8413,12663.4,0.15,-0.0463576158940396,0.00948960523242226
"2008-05",-0.200374838844394,3350.706257,-0.00199463556075252,700.371414,18396908807.9393,453.317013,-0.0223275226334866,0.0922320922320923,1.13645,10527.8,0.19,0.0208333333333333,-0.000578486101871389
"2008-06",-0.23904178982364,3447.937061,-0.00295700979052937,1224.904,17891788337.5844,318.316551000001,-0.0228053281977211,-0.013929745630732,0.8095,13639.3,0.17,-0.0170068027210885,0.00978207391543418
"2008-07",0.800207135825125,7598.818024,-0.0040661669931874,845.352982999999,26497737754.6843,627.605927,0.100182298937411,-0.0665087303676406,0.905149999999999,16528.9,0.08,0.536332179930796,0.015648734630707
"2008-08",-0.803957346993594,3091.671614,-0.00508089931193778,-511.212495,9631256924.35701,312.447885,-0.0685933511472032,-0.140332738039289,0.54325,12148.7,0.14,-0.166666666666667,0.0261308801535118
"2008-09",0.779011632744387,3262.845411,-0.00603374747875507,-73.5267530000001,13855201279.8035,45.0040719999997,-0.0336891367759721,0.111196151322983,-0.0685000000000002,5232.29999999999,0.04,-0.0608108108108109,-0.0314055495971179
"2008-10",-2.00133045823755,-1007.081023,-0.0065518363840732,-401.995269999999,-3452708756.72461,-432.855309,0.00973595170171837,-0.0889501131555643,0.1898,2377.40000000001,-0.18,-0.0115107913669065,0.0208398398682603
"2008-11",1.80410111365859,-5407.6206,-0.00670061137877997,-956.404655,-15742444775.4272,-1096.336478,-0.258660621889321,-0.0853223890268927,0.935249999999998,-5523.7,-0.18,0.0029112081513829,-0.0153803365317758
"2008-12",-0.168449535721309,-5846.195274,-0.00613934251593951,-872.096566,-11358983903.0131,-490.656774,-0.0258131702561376,-0.0534891958908962,-0.36825,-9194.2,-0.29,-0.230769230769231,-0.00491497655499684
"2009-01",0.987860306786088,-9806.09195,-0.0050861390314898,-1864.936949,-23480255012.4926,-1503.977547,-0.105169786430732,-0.0242015968063872,-1.9404,-16244.6,-0.25,-0.49811320754717,-0.0254627001249006
"2009-02",-0.000650765587255853,-10236.942334,-0.00384494950606062,-2338.647002,-27443044145.123,-829.451884,-0.268535698853672,0.0970340066479161,-1.05875,-20637.1,-0.25,0.755639097744361,-0.0309341411552242
"2009-03",0.0531512172573219,-12073.132647,-0.00239633395208316,-3208.581244,-25869211312.6633,-1086.631169,0.0491695044825908,0.0235403799091014,-0.75075,-19384.5,-0.22,-0.449678800856531,-0.00108208843067115
"2009-04",0.207954500972625,-14021.443272,-0.000918490491195634,-3759.132625,-38086881894.7537,-1254.814514,0.00927367270559398,0.0327906182397815,-0.6866,-23209.2,-0.12,0.24124513618677,0.013209761381759
"2009-05",0.134480556756411,-13871.981384,0.000185157712900397,-3470.1866,-33024995383.0104,-2130.19134,-0.15206904472812,0.0755153786793077,1.57425,-23706.1,-0.04,-0.153605015673981,-0.0184129246851984
"2009-06",-0.165357672408193,-12735.884694,0.00106472911945299,-3445.591709,-30680524163.0376,-1518.926027,0.0508146600100623,-0.00656006560065603,2.39325,-25447.9,-0.01,-0.0703703703703703,0.00326757836137004
"2009-07",-0.151990237163583,-13445.038714,0.00171189692461882,-2690.778653,-35913496855.1658,-1451.249936,0.22668680023571,-0.0166116384647131,2.646,-23667.6,0.01,0.410358565737052,0.0135404101326899
"2009-08",-0.244392471935173,-10764.141438,0.00206899941011685,-2193.77564,-22888484313.4621,-734.038172,-0.0490287326988321,0.0641065995173644,-0.428749999999999,-24605.8,0.11,0.124293785310734,0.000446309024368485
"2009-09",-0.120517637863483,-9740.887498,0.0021620420521371,-1461.24954,-15339743817.8995,-444.924128,0.112805455578708,-0.0091697889962532,4.4817,-11789.1,0.1,0.123115577889447,0.0187663573637877
"2009-10",-0.172747993728341,-6478.049679,0.00205812609960798,-1190.671927,-6794801271.40479,-478.493281,-0.00817090816239685,0.0340332371380236,5.2501,-9190.3,0.11,0.0850111856823266,0.0167274850386805
"2009-11",-0.818386597128795,-2207.449068,0.0019421994382478,-209.557097999999,-83289928.712204,267.830774,0.0978860951400211,0.0288711384852276,5.613,-4157.40000000001,0.12,0.0350515463917527,0.00852762145400243
"2009-12",-3.76392385851822,2138.066301,0.00200069002529468,-165.310423,443124964.833603,57.3747520000002,0.0272270133659884,-0.026003180245066,8.455,5228.60000000001,0.09,0.105577689243028,0.00723131672597854
"2010-01",0.546010189463652,4100.848557,0.00230803948104796,-205.870007,4563219960.412,121.128854,-0.0426622026074164,0.0882550657831556,8.84,8836.5,0.17,-0.0162162162162162,-0.00667062381638828
"2010-02",0.212510380498429,3971.151523,0.00270200843215829,110.110043,7124986917.50281,335.248691,0.0996184824077999,-0.0720967172608542,8.46075,9140.9,0.13,-0.0347985347985348,0.0183535839285207
"2010-03",0.73327949667664,6421.424094,0.0031201707129116,1256.015129,17328771674.4677,667.28489,-0.0297079799537394,0.0726581074655255,6.778,16206.8,0.23,0.0683111954459201,-0.0133284899966469
"2010-04",-0.0846461781811408,6445.818589,0.00344325465965434,1220.893242,11460247459.7504,-24.8413820000001,0.0304189118720668,-0.0297012146466885,7.97405,15652.1,0.22,-0.101243339253996,0.0097986463141797
"2010-05",0.0958303866756383,7259.334987,0.00370141987501227,1862.407552,14214879458.6406,244.110585,0.0142664353190669,0.0514437134502923,5.8675,15438.5,0.24,0.0612648221343874,0.00305690327284958
"2010-06",0.0335587936269484,6144.160474,0.00373830148030918,1284.971613,12317960871.1785,805.986824,0.124215928530698,0.0233770748240201,4.44425,14233.5,0.12,0.115456238361266,0.0117429961415869
"2010-07",-0.415472635916967,2536.216377,0.00350113053133061,706.229416,9856968041.4133,203.544963,-0.120614591258771,0.00263247282608692,4.5581,13543.9,0.13,-0.021702838063439,0.0158624882551264
"2010-08",0.120667008641645,4226.722011,0.00304623634478407,1704.494995,10719679748.7013,211.17372,0.0963733807589704,0.0594562547641231,8.11375,13380.8,0.11,0.0716723549488054,0.00459738846572355
"2010-09",-0.0371904892226973,3128.731648,0.00257684558388993,1096.346585,4271634886.81569,-109.919275,-0.0281900085490695,0.0363738108561835,2.5344,9938.39999999999,0.09,0.015923566878981,0.00254542500473875
"2010-10",-0.01975749305223,2215.223723,0.00216733277547765,797.865161,10296092592.5926,-450.574411000001,-0.0831660388423973,0.00809935205183576,1.7405,9531.5,0.21,-0.0266457680250783,0.012370688490938
"2010-11",-0.254646906010279,2513.732416,0.00187538434889212,751.246351999999,16405360267.1666,-191.423177,-0.0469172858337844,0.044150279286862,1.148,11658.8,0.14,-0.00161030595813205,-0.00386862677089728
"2010-12",-0.1510771344728,2424.919602,0.00182196872903573,367.547467,10141228348.7615,513.785184,0.076976690157206,0.0433826762421223,-0.360199999999999,11267.4,0.09,0.0499999999999998,-0.0069370044996786
"2011-01",0.597960056450516,3139.404911,0.00184398013355724,1990.038959,14017749317.7118,420.949534,0.153447903933271,0.0174181767102122,1.54075,11193.2,0.24,0.00460829493087567,-0.00617633573374332
"2011-02",-0.424709829509458,1988.17052,0.00172455406723038,1273.357491,21256877850.713,-833.196677,-0.0700288843172703,0.0319618942427171,1.4745,9889.59999999999,0.25,0.0443425076452597,-0.00407077724706906
"2011-03",0.787865111229869,3989.334252,0.00147928369500927,1860.215741,17758449587.3056,451.113348,-0.00985408799410092,0.0330456886748278,2.0228,13512.7,0.12,-0.0439238653001465,0.0135157229276799
"2011-04",-0.174029159908823,2279.428194,0.000881598749788326,1351.878172,23266437873.2283,213.340878,-0.0367169164109045,-0.02046234539921,2.673,13581.9,0.24,-0.147013782542113,0.0183631768564823
"2011-05",0.0724239452440505,3307.036768,5.59392871808395e-05,1069.060198,28005428359.8028,1026.024588,0.118074264964273,0.0149401732002379,2.87425,12287.9,0.1,0.197486535008977,0.0157351426987353
"2011-06",-0.3493792407564,2163.954724,-0.0008343015306983,1287.6926,21394005295.7081,-283.171369999999,0.0451964379256156,0.0237087214225233,2.703,9880.5,0.07,-0.172413793103448,0.00207938034465727
"2011-07",0.288676782923741,4146.805605,-0.00173779904480409,708.567741999999,19789834156.3555,-112.892307,-0.0764203520307927,0.0177514792899409,3.84625,11121.4,0.08,0.157608695652174,0.0129950976577697
"2011-08",0.445889669479949,3690.935428,-0.00223428265360148,1363.989451,21689804103.27,-93.4666450000004,-0.0220968092033862,0.0547636909227307,2.79655,14207,0.01,0.0751173708920188,0.00189481231115884
"2011-09",-0.436171938989125,4193.278045,-0.00225997580981752,1421.951806,15900693290.7468,-21.3086679999997,-0.0349596022374146,-0.0305239449976292,3.39665,15301.7,0.07,0.0262008733624455,-0.00935391535473318
"2011-10",0.117219971310818,3236.827171,-0.00202438633811419,1012.765104,7870393200.9229,203.605451,0.0467373553833061,-0.0610747692119582,4.6205,11676.9,0,0.0439716312056737,-0.00479851400856512
"2011-11",-0.0739898308412761,3267.768251,-0.0016531047132663,1164.353295,5275207322.362,234.463513,0.0428706409721153,-0.00859486912358376,3.71815,11259.9,0.04,0.00951086956521752,-0.00212567399419328
"2011-12",-0.0673114811269772,2285.076435,-0.00121117448606511,1730.055478,4670535870.65639,251.643894,0.0424146649810366,0.0241035071588074,3.4837,9255.2,0.06,0.296096904441454,0.000987166831194486
"2012-01",-0.30352522203469,1993.744266,-0.000761820145282477,696.13576,382043930.539001,668.017332,0.0131991187112162,0.0651574424421215,3.98175,7818.90000000001,0.1,-0.205607476635514,-0.00158309976123738
"2012-02",1.10247597603272,3009.179442,-0.000372403491825324,909.715936,707771652.612106,729.062858,-0.146550692255516,0.0485279065566862,2.7233,11820.7,0.19,0.0888888888888888,0.0103454550180655
"2012-03",-0.760183339560108,879.352947000003,-0.000211409094248327,1144.414291,-4899178585.97299,370.526824,0.162903225806452,-0.0110824002296871,2.35545,8580,0.08,-0.0168067226890756,0.010419614602897
"2012-04",-0.129341562490899,1866.3638,-0.000459889879126596,836.944504999999,-11239819954.7842,430.849852,-0.058433335343424,0.000754848449657342,2.12925,4998.90000000001,0.18,0.028083028083028,0.00114579620104904
"2012-05",1.28568008776181,647.610797000001,-0.000753381763298311,1150.564654,-13170208699.2592,116.584617,-0.0370607574399043,0.0143893240498985,0.78295,7807.2,0.07,-0.0581947743467934,-0.00384038251227137
"2012-06",0.0887876987334508,473.299354000002,-0.00103853413174582,376.466358,-13186901746.1395,145.316602,-0.047998049040039,-0.000514785791912109,0.91,9964.40000000001,-0.05,0.274905422446406,-0.002859477124183
"2012-07",-0.663792547950857,-472.696670000001,-0.00123488856165321,1162.018346,-14215652962.68,316.810294,-0.0124589553107752,-0.00898477738354131,3.192,2399.3,-0.07,-0.100890207715133,0.00501843506759525
"2012-08",-1.28012335311097,-120.354847999999,-0.00129221378740196,885.910389000001,-14884346895.6746,513.524483,0.0382964674810169,-0.0137437200438875,1.453,3207.3,-0.06,-0.0737073707370738,0.00805054519514936
"2012-09",-2.2834262546681,-1182.718511,-0.00141107644819594,762.397515000001,-11452914305.0016,102.195538999999,-0.118918918918919,0.0903448679665086,0.156500000000001,2126.20000000001,-0.03,-0.0380047505938242,-0.0148604933279418
"2012-10",4.83373514661782,980.014048000001,-0.00142213406537695,959.859891999999,-903126406.369003,434.700805,0.0689024075888023,0.0244871657179679,1.3337,1519.5,-0.04,0.0592592592592591,0.0118009235505387
"2012-11",0.25468245018689,1574.849176,-0.00112735618296589,1315.979489,-7937024868.17679,309.145645,0.0932066462488244,0.0134710137330958,0.826349999999998,3658.90000000001,-0.06,0.0419580419580421,-0.000253549695740318
"2012-12",-1.33100640980108,-710.384509,-0.000776652828796132,341.027799000001,-8359754581.2399,-393.425738999999,-0.19849113209212,0.0521851564520299,-0.246750000000002,3851.90000000001,0.03,-0.0771812080536913,-0.0164088257671824
"2013-01",-3.39114190314895,1268.02056,-0.000275439219983964,29.0202159999999,5987102093.34259,-302.617707,0.10461275939891,0.0140090444357059,1.2351,18526.305104,0.01,0.0230303030303032,-0.00840574478508627
"2013-02",-1.28441324734504,-382.193757000001,0.000229072504005279,587.057385,-4437911864.88341,-335.494104,0.0216519247539555,0.00567162732076198,1.2197,14549.652364,0.07,0.123222748815166,-0.00148217489663782
"2013-03",0.218714853459727,-842.621753000003,0.000520452011308015,-495.424599000002,-9600922536.3044,-495.310508,-0.163154814164472,0.0267039429287574,0.71875,14174.155211,0.12,-0.00949367088607589,-0.00997395833333337
"2013-04",-5.52722429895279,724.279569999999,0.000617617125860503,899.490864000001,2963597341.1516,-162.421323,0.121612169959783,-0.0647887323943662,2.0485,17336.980057,0.08,0.0511182108626198,0.0193071520635506
"2013-05",-0.672848216883685,893.170058,0.000668356637948175,614.161876,-1874210947.30879,-184.139476,0.0835087172291942,0.0287650602409639,2.3738,17259.6116,0.02,0.0131712259371835,-0.00531599184537168
"2013-06",-1.82723174023358,-231.733152000001,0.000634415820880418,332.124403,3530984887.1608,-47.3224680000003,-0.174456248051605,0.0306934075050016,1.64325,19130.897143,0.09,-0.0109999999999999,-0.00269814502529508
"2013-07",-2.78879078238041,1218.630969,0.000646883915614627,854.354558999999,6734646577.49071,391.229761000001,0.0560622785104281,0.0222516807120539,1.43285,20175.129407,0.07,-0.0586450960566229,0.00161286126791715
"2013-08",-0.352206839980273,747.529323999999,0.000629583135821399,-238.589274,4282767540.80521,-671.86308,0.00717900759159429,-0.0076417191552427,2.68545,19703.66067,0.11,0.00859291084855007,0.0040776043425188
"2013-09",0.364132924871357,2116.841596,0.000494130174139906,1087.148904,3101781777.29869,-118.739509999999,0.0901220744462954,0.0135809959397022,2.9575,15258.020811,0.04,0.068157614483493,0.00993274702534919
"2013-10",0.840744780599971,1973.144783,0.000420878402185965,1219.831332,3715594649.562,121.150839,-0.0909888017636596,-0.0106823832765448,4.0436,22887.823432,0.14,-0.0329012961116649,0.0117047433664583
"2013-11",-0.257733523005405,-384.210353000002,0.000412005633406931,203.889319,4691256367.43678,-440.976223,-0.0634421937439713,-0.010797728753607,4.351,19474.325599,0.19,0.134020618556701,0.00767069188121816
"2013-12",0.435080669147092,1139.774896,0.000472793482759526,23.0621459999984,5878893626.73671,-18.0753850000001,-0.0102109878468646,0.034675825726922,4.1775,14384.642121,0.1,-0.0627272727272727,-0.00477338960908447
"2014-01",-1.41357640225581,-349.671616,0.000384434076024176,1406.66624,2945038476.368,265.168581,0.112885004162207,0.0180528397980992,5.1366,2024.370444,0.09,0.00484966052376334,-0.000656333619427518
"2014-02",-1.37433282772986,234.575084,0.000161591163520658,389.400954999999,7604287657.1637,-35.4985229999998,0.0717548686987417,-0.0334554225477934,6.99675,-857.309932000004,0.07,-0.0781853281853281,0.0212943316156411
"2014-03",3.82102508900373,1714.534488,-7.85638096145735e-05,975.071296,10866205275.1774,222.996202,0.0703158104638699,-0.0388650122464069,4.43625,3729.09603700001,0.11,0.0732984293193717,0.0251539660161757
"2014-04",-0.627979953396365,757.239363000001,-0.000516478048967928,1306.705243,5981937962.0836,735.712333,0.018514205868654,0.090970285604385,5.3372,2461.54943899999,0.14,0.0936585365853657,-0.0269976838448176
"2014-05",1.2463098991212,1705.83299,-0.000755096447103476,1211.295988,5059648493.01999,226.728090000001,-0.0951183262832971,0.0113265755839578,4.56975,3176.87229,0.13,-0.0731489741302408,0.00746361179300248
"2014-06",1.46305454153672,3061.631214,-0.000658503758650397,937.667378,5441153957.52769,40.5391739999995,-0.0171825647504737,-0.0188259903255328,4.44925,1839.16055499999,0.09,-0.000962463907603572,0.00895889736647804
"2014-07",0.188630335237543,3093.629677,-0.000367759862932804,532.588734999999,4372301644.43028,-103.846494,0.0010284098213138,0.0148789695758382,4.9106,3910.38139099999,0.06,0.164739884393064,-0.0171732448651022
"2014-08",-0.590569598310563,1307.260663,-0.000140139481493828,1848.269005,-2172046841.02881,-185.314681,-0.0513676640554771,-0.0167177242888402,4.81825,3477.972486,0.1,-0.0529363110008272,0.0107470836435841
"2014-09",0.814151180081307,2644.289816,-1.15956102767489e-05,231.150808,4567038828.42191,359.691146,0.12825233518343,-0.0112159515755742,3.79375,4569.59575199999,0.07,-0.0165938864628822,0.0111484910247281
"2014-10",-0.30052738043473,1080.837052,0.000194155630367732,45.9072969999997,-6834509768.10199,-170.896101,-0.0145181416778652,-0.0386208138278719,3.9692,3612.83838099999,0.03,-0.080817051509769,0.0260825217961482
"2014-11",-1.15868511447715,-309.257893999998,0.000439342305752266,182.01497,-5879704481.25079,57.2390359999999,-0.0306572186914067,0.0146549302369137,5.1285,-1078.585884,0.1,-0.0357487922705314,-0.0132067880050176
"2014-12",-5.88649606886084,1841.576665,0.000561686024700636,773.346130000002,-5580657062.0685,535.74602,0.0761153536977492,0.0348391860089521,3.39175,1746.26515799999,0.04,0.228456913827655,-0.00388554433597965
"2015-01",-1.09631395143929,-1861.545608,0.000608931531900003,187.55869,-15969487959.9204,-33.4912760000007,-0.0927447593258323,0.0361633817889948,3.56905,-3297.53570400001,-0.01,-0.0505709624796084,-0.017384604271508
"2015-02",14.4726986689734,-2817.1034,0.000693041912234182,445.911588000001,-16273319551.5758,490.736778,-0.127672713238132,0.0225502431467057,2.0785,-3025.393883,-0.03,-0.235395189003436,-0.0129628268274156
"2015-03",0.0194814559876564,-4278.552131,0.000804612635833868,167.822659000001,-16685446914.8013,-150.926806,0.437394920803469,-0.0130045031774757,0.85425,-6025.51421400001,-0.05,0.262921348314607,0.0180486593843099
"2015-04",0.347376103735033,-4521.277132,0.000742521446346345,-237.784548,-19048410290.8423,632.59078,-0.182549454157433,-0.0241344021831826,0.647000000000002,-3235.75899799999,0.03,-0.0142348754448399,-0.00163386738849469
"2015-05",0.195402956150797,-5928.542169,0.000535358556936982,-629.130707999999,-15925922848.7891,334.729553,-0.0334872979214781,0.00323341781001485,0.486499999999999,-7822.36474,0,0.022563176895307,0.0055446995603321
"2015-06",0.0834436412036232,-2808.557045,0.000393074305952812,830.852329000001,-12461124403.101,1111.883332,0.101890810866968,0.00444250871080132,-0.0820000000000007,-5609.15249699999,-0.01,-0.0423654015887025,0.0045910559428668
"2015-07",0.198226785100892,-4568.029908,0.000339135935433221,198.354892000001,-13609822370.0353,-227.09097,-0.0491455509723041,-0.0287052293816669,-0.226199999999999,-6930.63137399999,-0.04,0.0294930875576036,0.00449753361060057
"2015-08",0.0190853667019939,-4265.720095,0.000221760925833259,-417.253285999999,-11661180671.8893,499.222608,0.0958106098165592,0.00750000000000006,1.31925,-12070.106841,-0.07,-0.00537153088630271,0.0009388089162774
"2015-09",0.109352332979959,-5523.897044,5.53197613877288e-05,-430.780086000001,-9793601642.98421,1396.814203,-0.0580024884062889,-0.0292892591279688,-0.371600000000001,-6685.14542,-0.07,0.0126012601260126,0.0120487722757991
"2015-10",0.198231077536836,-7046.03328,-7.48627322210149e-05,446.529554999999,-8686527480.6582,-1.3423329999996,-0.018443361110444,-0.0179851189117634,-0.117750000000001,-11995.141268,-0.05,0.0266666666666666,0.0160876384202271
"2015-11",-0.327403331545344,-4145.75783,-7.13607020107476e-05,-379.132456000001,-8590936598.07739,59.8515770000004,-0.0103246642037531,0.00376516524891923,-0.859999999999999,-9978.54275600001,-0.05,-0.096103896103896,-0.00701606679295586
"2015-12",-0.0454537896037034,-5216.026321,-3.50711738412723e-05,522.871885999999,-7243120081.147,-745.369744,0.0136461397740477,0.00736315643234242,-0.9498,-10088.271788,0.02,0.0411877394636015,-0.00320309003980312
"2016-01",-0.0507506088449865,-3575.439634,-0.000135515083028226,-1086.528677,-4335922144.41031,-555.416428999999,-0.0233885325463991,-0.0126419344458235,-1.28825,-10081.613196,-0.06,0.0496780128794847,-0.00753727287763151
"2016-02",-0.660710898419068,-1452.793784,-0.000282478962114863,-680.714097,1573222591.06039,91.6198939999995,0.0814603935670761,-0.0225346866561132,-0.539999999999999,-3349.38718000001,-0.07,-0.0508326029798423,0.0121178935339492
"2016-03",1.39401623305429,-2598.933927,-0.000409893358522706,-83.3759050000008,-1300294803.4615,225.866133,-0.150210132545144,0.0296751452796038,-0.102700000000002,-5950.01147499999,0.04,0.0166204986149585,-0.00806812033966076
"2016-04",-0.514413751425173,-2542.680413,-0.000510076104563661,-979.849172,4143000066.55782,-1230.864897,0.0338849487785657,0.00286811305916634,0.0185499999999976,-7665.01346500001,0.05,0.0554041780199819,0.00920085368745549
"2016-05",0.559904602860777,-1261.284049,-0.000643578839905956,-449.586943,1115812765.20181,-697.800946,0.0258620689655173,0.0580746344388579,0.9725,-7489.088327,0.05,-0.093803786574871,-0.00437050613280698
"2016-06",-0.681149315650276,-3121.074216,-0.000697937326473386,-1152.544458,551612714.377792,-605.145538,0.0688409510145522,0.0282500653936699,-0.304699999999997,-5861.416551,0.07,0.0512820512820513,0.00795336543000102
"2016-07",2.6238360854369,-3109.360273,-0.000669260595260512,-1322.160492,-5353272469.67299,-511.459269999999,-0.0428581701383063,0.00585092851691682,-0.485000000000003,-8305.35972000001,0.05,0.0623306233062331,0.001615584537217
"2016-08",-1.12221974132185,-599.656994000001,-0.000560647404585279,-727.139804,4955950079.0237,-152.237064,0.00538428789662171,-0.0519726858877086,-2.86075,-2068.910865,0.05,-0.0314625850340136,0.0328206087241105
"2016-09",-2.54051425945061,-1540.255603,-0.00032522744530139,-510.579829,-1436028325.48199,-1512.952961,-0.0782643351766054,0.0485082922057711,-0.471649999999997,-2346.80541,0.04,-0.000877963125548775,-0.0284052329002761
"2016-10",2.33886729982644,178.934237000001,4.20316585512115e-05,-2126.443308,-3808618707.1096,267.872479,0.0419143876337693,-0.0313374607751675,-1.4585,-3521.42215,0.05,0.0219683655536027,-0.00335453211265635
"2016-11",-0.40710785612387,1497.139025,0.000474699266953538,-641.530866999999,4272258029.92159,241.37011,0.138529373622098,0.00267040231143012,-2.51245,-200.699848999997,0.04,-0.0318142734307825,-0.00252436715517845
"2016-12",-0.00699811710288167,-459.861751,0.000880755701406555,-1034.857405,3326991649.5161,648.408711,-0.0665208675050118,-0.0173332169053441,-0.751950000000001,3832.227182,0.12,-0.0603907637655418,0.0173403632103104
"2017-01",-2.65999554253015,2121.796184,0.0011127240272959,398.168416,7241749526.41051,674.084972,0.064427957828973,0.0123961434220465,-1.21475,5163.95804899999,0.09,0.00239130434782608,0.0210526315789474
"2017-02",-0.802565069207967,1571.569632,0.00109590564560991,-4.16185700000096,-635641027.650803,-523.661273,-0.0902879677182685,0.0495040814535241,-1.42075,2181.59038400001,0.1,0.0824210536241314,-0.000609082090730628
"2017-03",6.31133763931344,2818.484464,0.00096768441413686,-700.593370999999,9072221650.6239,-212.092794,0.0347043701799485,0.00351258676925648,-1.357,5943.628295,0.18,-0.0985678694008397,0.0067717033091057
"2017-04",-1.33018887382532,1933.350166,0.000850898993193461,-204.888204999999,-628492530.798309,-17.3461399999997,0.0780172938740713,0.00616718059838317,-1.54425,1264.64629100001,0.19,0.0393606432222964,0.0105600645710955
"2017-05",-4.1805218331873,3266.604623,0.000682528730752141,-300.569491,11517440108.315,94.8295840000001,-0.00646210854534779,-0.0387227698169469,-2.82355,5808.584254,0.15,-0.0477164534364772,0.020988174738757
"2017-06",-0.50038588240165,1659.870673,0.000579463988420459,578.972124,3174293876.80389,-623.812755,-0.030496679705267,0.00641937012623317,-0.545549999999999,6058.24162799999,0.19,0.0913591095489161,0.0044112214520089
"2017-07",-0.00348146432551821,1192.417057,0.000514375820918511,343.26449,11733929083.6846,85.5821619999997,-0.00837418779761212,-0.00646404109589038,-1.1405,4258.99366600001,0.15,-0.212476627570967,0.00705291852364676
"2017-08",0.383267032403004,688.237506000001,0.000485935258441428,-172.860148,11748559253.2316,-461.000242,-0.0384633580924445,0.0196475505191951,-0.8126,5814.421298,0.11,0.245504220296046,-0.00182607201168683
"2017-09",0.159676200122899,462.059115,0.00046595862269494,701.417251000001,10760771183.0262,-71.4070580000007,0,0.0281850834565816,-1.3715,2810.46269500001,0.14,-0.104416351994746,0.00043045003551212
"2017-10",-0.0849417960849967,1806.911314,0.000453879541910451,1203.014272,13857356817.6448,-57.1907540000002,0.0246506593190317,0.0280700312345883,-1.281,4725.770435,0.13,-0.0264792748752418,-0.00598068110922267
"2017-11",1.58800142131499,1721.634967,0.000459469186661954,605.007998999999,16150199279.3136,125.682706,0.0575030012004802,0.0310213871676994,-0.686399999999999,9310.326291,0.12,0.0898629563761899,-0.00582188074883672
"2017-12",-0.366749209218484,2102.67198,0.000452806068833356,999.887352000002,14083534014.7355,-0.974960000000465,0.0413894880236123,-0.00853010740180682,-0.96725,6475.17951099999,0.17,0.109349203301977,0.00777168234064796
"2018-01",-0.214229650679193,1794.209971,0.000306685943547436,1178.815904,20235697871.2812,233.700339999999,0.0205153919944188,0.050956161276446,-0.643649999999997,5745.15291600001,0.2,-0.0891651957221473,-0.0108223705527833
"2018-02",0.464553113175972,612.807468999999,2.35338831038323e-05,1308.311977,18821490590.9672,1026.850159,0.0452904355999915,-0.0292848105976037,-3.18475,6161.522272,0.26,0.0623177254030227,0.0219252271139063
"2018-03",-0.105394319423517,956.297944000002,-0.000298972405877951,779.150492999999,13025841701.0879,502.532765,-0.106153814711112,0.0162533062444896,-0.48705,9708.92856299999,0.17,0.0991084442934176,-0.00722283955893666
"2018-04",0.351769244544841,2379.643552,-0.00058864316199303,1066.09737,21554173906.9048,505.740424,0.0388704698753859,-0.0629927200030176,-1.183,10058.72112,0.15,-0.174298267024652,0.0043910628955186
"2018-05",-0.296259693667523,1875.329504,-0.000832662908397563,1317.649077,7347573352.2773,460.484271,-0.0828216132937163,0.00551507588261346,-0.8322,11712.269727,0.112,-0.0202193384374353,0.0015430114440016
"2018-06",-0.453514176792386,2149.360315,-0.000978678529630406,88.0451479999992,13689337608.1443,293.197631,0.0831733538107122,-0.0287452958603571,-1.08675,6407.90095400001,0.126,0.0614371197264545,0.0105918603158299
"2018-07",0.609690676434709,4033.599135,-0.00105855667667676,1254.768662,13684804973.0527,578.086278,0.100137356551021,0.0300494641384996,-1.079,5652.57375699999,0.11,-0.188253240354734,-0.00639437633657292
"2018-08",-0.431389697037816,3053.708085,-0.00111964533912556,643.95384,3705335732.6902,1024.392582,-0.00855854041644855,0.0143663211813199,-0.702999999999999,5724.47654799999,0.11,0.113697111175956,-0.00221620815308887
"2018-09",-0.575419309996674,2086.201458,-0.00115399584800491,-308.520795,3597101535.155,701.190673,0.0336765990291066,-0.0151096733470096,-1.24425,6702.205605,0.12,0.166198541125178,0.00677017704974059
"2018-10",3.91878704414156,2399.775717,-0.00114508659489465,603.477612000001,8704924805.812,1033.769355,0.0311253463284273,-0.0394552373322652,-1.15975,8547.966367,0.04,-0.250085374840484,0.0174798472634705
"2018-11",-1.28967530281079,-504.741795000002,-0.00100652612633767,609.700499,712052077.779999,566.164655,-0.0557408289661744,-0.0119266055045871,-1.7824,2396.294513,0.05,0.0871222107710374,0.00790175965307305
"2018-12",0.518283204634984,-1326.839771,-0.000757427217745854,-366.174958000001,-4112828976.11409,535.181623,0.111402623612513,-0.0028277200979151,-1.51675,-2893.54824199999,0.06,0.0497927598218617,0.00378544980659035
"2019-01",-1.04292222878636,-2836.086501,-0.000552414930161116,438.764045,-1711246682.56401,-262.352116999999,-0.112511349191938,-0.0108773860413933,-1.8482,2712.11201899999,0.04,0.0743544779645711,0.000185467584387755
"2019-02",-12.3912253600887,-1182.596223,-0.000393967786481153,-608.690456,-3004848188.963,-58.1578550000004,-0.0343331832876376,0.0106974753958067,-1.305,948.824583999987,0.06,-5.86430009577033e-05,0.0106727104151643
"2019-03",0.690354966964129,594.980235999999,-0.000354443201574628,532.918701000001,-4058412088.04701,673.569246999999,0.041147554877532,0.0144792548687553,-2.07625,-1966.791136,0.03,0.0790554013371387,0.0124559150306811
"2019-04",-0.389781023236169,198.273533,-0.000353062877524013,45.6098160000001,-6787063729.664,909.247184000001,-0.00323578493223164,0.032968867373341,-2.2575,-4514.04278800001,-0.01,-0.168185441501504,-0.00082554768041232
"2019-05",0.819946347853883,1032.514943,-0.000405826502900886,160.997592,-526950427.97699,232.297759,0.0319524694256723,0.0277957336780865,-1.6998,-4034.92088200001,0.02,0.104738154613466,0.00705318098462415
"2019-06",0.609941025991155,-396.046000000002,-0.000417285022540903,-476.441128999999,-8025651428.98799,246.583669,-0.0324865463754352,-0.00196540880503149,-2.1075,-7247.82984400001,0.01,0.0297199522903586,0.000380205310867909
"2019-07",-0.83448883317242,-74.0431530000023,-0.000235105316529705,375.199871000001,-5541539760.687,818.894585,-0.0112674328248333,-0.0117762898779047,-2.0253,146.398228000005,-0.04,-0.0468974363883518,-0.00996159385501683
"2019-08",0.232510157159744,-1324.759381,-0.000157793580396692,1357.023222,-6729958260.9129,209.033952,-0.00244048727017021,-0.00179347176278344,-2.55865,-1917.78928,-0.13,0.08382632102287,0.0011112458075726
"2019-09",-0.0669530120093137,554.328160000001,-0.000276857441034228,665.231119,-3899814625.787,39.226506,-0.0678995708332469,0.00139742873113469,-1.92725,-5607.48227399999,-0.18,-0.13876507056872,-0.00387495206765021
"2019-10",2.33229317705964,479.225629,-0.000358133894759582,-388.540232000001,-4409845091.15799,-280.484123,-0.0674407224520663,0.0230852039392369,-2.1886,-5101.683978,0.01,0.114359498574272,-2.02605506817166e-05
"2019-11",0.142994154244458,-386.492504999998,-0.000198302823565366,-769.256022,-4570297042.058,-268.029346,-0.0773267185040309,-0.00183164458300855,-1.4995,-3102.19387500001,-0.04,0.120033216496239,-0.00378879974065971
"2019-12",-1.02409201083836,3354.695924,-0.000154406791130435,407.617871,-921820090.744019,271.865749,0.134603453624237,-0.0412290633662593,-1.7495,-1453.104293,-0.05,-0.137610566063762,0.0134434298033315
"2020-01",-3.68401969332658,1939.036115,-0.000235980148105441,-415.517102,-4284955691.645,295.826733,0.0106172108177076,-0.0688602027935008,-1.8298,-3055.928545,0.07,-0.136276391554702,-0.0361027493477825
"2020-02",-2.3522553909436,1523.940719,-0.000578023655761206,-288.980266,-6349452066.74379,-373.91735,-0.0869310368149334,-0.0332371206157613,0.593499999999999,-152.319911999992,0.03,0.294502314814815,0.00712040140742443
"2020-03",-31.1028319158061,-2468.308689,-0.000671745178306704,594.863375999999,-6525407861.679,-800.495134,0.107305992444631,0.0245634669320547,-0.517999999999997,-13686.710889,-0.07,-0.346139746971255,-0.182911955016228
"2020-04",2.79741842213346,-11794.533363,-0.0401676360612131,-2198.076901,-24871282801.514,-1668.918921,0.164983164983165,-0.00543070334231088,6.3814,-33859.809207,-0.3,-0.886122164335234,-0.149449715370019
"2020-05",0.0676251770992973,-13353.387045,0.00164621749085536,-3655.983449,-24605274499.3511,-2085.488902,0.0405964092944915,-0.00754683476871176,8.83505,-43891.702769,-0.21,-0.36431316042267,-0.00142780653221486
"2020-06",-0.582814965315487,-7328.911738,-0.00471583958269639,-1893.429553,-10126674254.8366,-1532.148558,-0.0992329906009159,-0.00335480407944178,8.93,-27167.757316,-0.05,8.62051378919532,0.00911528150134044
"2020-07",-0.545641835467176,-4431.055473,0.00212592743672779,-2686.895992,-9565905798.8152,-1722.968124,0.201053663317814,-0.0264799605044657,9.8918,-17455.39606,0.01,0.834010720386405,0.02889951588145
"2020-08",0.112187316381359,-2886.057728,0.00884233142311008,-2138.170652,-767500931.219696,-1386.546052,0.0390526709510695,-0.0181642155732792,12.21525,-18700.429668,0.07,0.022535542994176,0.0304117056376416
"2020-09",-0.622075225477133,-2256.510665,0.00901708621086983,402.061598,3780511972.09601,-849.204322,-0.032888816166244,-0.0119735173968164,10.17725,-12124.239961,0.09,0.0206359343754252,0.0383405262425172
"2020-10",0.777659972342555,-3681.05558,-0.00234261936296287,-305.452530999999,228378492.345001,-1554.298416,0.0507909652313678,-0.0469061876247505,11.78935,-9926.50186800001,0.12,-0.101083254687949,0.0603078408237692
"2020-11",-0.447252416146106,-1175.493529,0.00243506033600616,-176.666286,8152161756.09599,-669.989892,0.0463393820342313,0.0171029668411868,12.6065,-11695.111228,0.16,0.0362318840579712,0.0292354770997192
"2020-12",-1.80816723771281,-2651.558278,0.00485619962840089,211.93419,12663135128.1324,-662.857467,-0.0371624220974071,0.011324639670556,10.39265,-5435.53477100001,0.15,0.0902263091239468,0.0134653659974937
"2021-01",-2.61240781846516,-544.608559,0.00378464430372771,1023.316044,-638720278.859985,-683.379523,0.0201054818603164,0.0931698094914926,11.1109,-3656.88062099999,0.1,-0.0930725873249965,-0.0353012486361983
"2021-02",-0.0765967172336286,893.967124999999,0.00166260996153245,177.102218,11804465017.9618,-670.494901,0.0229679764366735,0.0200878009844352,11.26175,-11042.124179,0.14,0.0440947162077874,-0.0137475181582849
"2021-03",-5.14649735957977,4757.418472,0.00124131530323868,-484.209898999999,24848708305.799,49.4470520000004,0.0425000765767145,-0.0209963484611372,10.4521,12856.546291,0.09,-0.0941403624803984,0.0403903980429132
"2021-04",1.36242687527292,12566.558524,0.00740436490334684,2538.616262,36926850230.869,444.547377,-0.0344503371578839,-0.0336130722436837,5.24384999999999,38004.492244,0.1,-0.184012812360159,0.0275308006956181
"2021-05",0.0164761823263089,13218.970514,0.00591003584405603,3920.569963,38131396558.2431,1460.356658,0.0138305641774694,-0.0167708141885683,3.13575,42563.620062,0.11,0.0809905905443629,0.0377821744416105
"2021-06",-0.38352518927701,11865.470492,0.000668974281533785,3858.629485,32924877410.8666,1865.292788,0.070895802380202,-0.0396280200009346,0.898600000000002,31204.443094,0.13,-0.014511908576311,0.0448823961778757
"2021-07",-0.324808137258179,7504.250223,0.000752255750683162,2675.262182,19687294241.0222,793.1865,-0.0276777330885547,-0.108315897036641,1.4135,22850.59895,0.11,0.300283132611729,0.0522972081776214
"2021-08",-0.356490103767643,7219.092425,0.000770362693463422,2335.814815,15607650818.3926,912.954853,0.0294600905133897,-0.0568076398362892,0.9405,21370.499272,0.13,-0.211162393340487,0.0252355386575864
"2021-09",-0.557607830880642,5348.483152,0.000946415920155985,235.955071999999,13957771602.348,618.803787,0.0967154817573432,0.031474195788012,1.0872,14881.61694,0.07,0.00961500363204104,0.00466613688693274
"2021-10",1.88527627964061,6751.533969,0.001420253242576,1349.583633,17048738211.77,401.601264999999,-0.129930809099497,0.0140228853488893,1.047,19844.169443,0.09,0.0184581976112921,0.0181113860382103
"2021-11",0.392820526208973,9764.190732,0.00187106296962858,1974.285403,17718739019.445,522.709014,0.144095897646576,0.122192720433676,1.084,18848.35853,0.08,-0.033280242505202,0.0225303292894281
"2021-12",-0.100903157402597,8417.30266,0.0019740312872607,706.049849000001,20182095450.641,388.180907,0.0114136219654513,0.0674323458372357,0.681799999999996,19981.67635,0.07,0.103224692079773,0.00153906097798551
"2022-01",-0.328212785630624,7465.926086,0.00204312726961708,-798.254166999999,17706701225.494,80.781199,0.116246338772871,-0.0606326483491111,1.501,12967.99008,0.07,-0.0416225069852587,-0.0181291213600732
"2022-02",0.0690148304808014,5690.746852,0.00157408019548,244.529798,18762095631.963,200.517454,-0.00268075197364681,-0.060318552748009,1.31275,19736.938125,0.14,0.0477279581783452,0.0513303088535373
"2022-03",0.330081542812134,10612.790087,0.000983569353964597,1485.625315,17261690839.925,590.189453,0.217747354753471,0.0184671723777139,1.2452,16509.019517,0.06,0.0254755679228538,0.0243461219567347
"2022-04",0.302130016754476,10571.487301,0.00032398225934549,532.216893999999,16100087088.67,837.109299000001,-0.189015778594611,0.0446887199506882,1.48275,17052.851878,0.06,0.0529252146249033,0.0053899926416483
"2022-05",-0.09971537253637,11368.769168,-0.00038079086406817,1153.223261,20223257288.332,941.61916,-0.00986068182866628,-0.0968630150457273,1.80725,19193.542208,0.06,-0.0285038267998179,0.032129983715441
"2022-06",0.199380977571932,8424.943388,-0.000868503748754135,-178.367459999999,12318058599.462,698.474065,-0.0579362398518398,0.000816637630661976,1.885,21993.450802,0.01,-0.153995677875985,0.0120548139481289
