"","LFHUTTTTCAM647S","LFHUTTTTFRM647S","LMUNRLTTDEM647S","LMUNRLTTGBM647S","CC4WSA"
"1983-02",0.000445037828215478,-0.0432813286361349,0.0305131761442441,0.00327015979189893,-0.0469795973616853
"1983-03",-0.0120106761565836,0.00105207785376127,0.00986989681471506,0.00874138825098147,-0.0167696951111255
"1983-04",-0.000643210908856995,0.0383604834471887,0.0102176810306531,0.00594844679444817,-0.0116156144325158
"1983-05",0.00180214970715076,0.0323886639676114,0.00615655233069479,0.00616878376405317,-0.0197042371417563
"1983-06",0.000513973658849975,0.0279411764705881,0.00480769230769229,0.00848902593869028,-0.0474722146923285
"1983-07",-0.0413536248635459,0.017644253695756,-0.00173988690735105,0.000971257958919391,-0.0694888122087439
"1983-08",-0.0134637283140197,0.0159325210871604,-0.000435729847494515,-0.00309063465823334,-0.0452487995840597
"1983-09",-0.0277023356871265,0.0110701107011071,-0.000871839581517042,0.0049747656813266,-0.0228637783294626
"1983-10",-0.00893854748603351,0.0141423357664234,-0.00567190226876091,0.00168591721070377,-0.0377740441748965
"1983-11",-0.00232525366403613,0.0202429149797572,-0.00658183413777969,0.00322291853178158,-0.0391675042161389
"1983-12",0.00932269228052829,0.0220458553791887,0.00132508833922262,0.00435480992325532,-0.0279724309110653
"1984-01",-0.00405849835560845,-0.00215703192407246,-0.0172033524481694,0.00355403916551156,-0.0492649472877832
"1984-02",0.00147544438979841,0.00821444012105488,0.00224416517055648,0.00814534121896804,-0.0394724220623501
"1984-03",-0.000491090220289037,0.0154373927958833,0.0053739364084191,0.00386412337092068,-0.0270734508413641
"1984-04",0.0219695374464799,0.00802364864864868,0.00979955456570147,-0.00356930398572275,-0.00755973887337824
"1984-05",0.026098901098901,0.00921658986175111,-0.00176444640494045,0.00575943810359969,-0.00271493212669682
"1984-06",-0.0342034805890228,0.0112079701120797,0.00397702165267355,0.00160620133384537,-0.018179932590096
"1984-07",-0.0109501697969367,0.0102627257799672,0.00660211267605626,0.00571727383649989,-0.00590987831671452
"1984-08",0.00981010440753982,0.00934579439252325,0.00131176213379969,0.00305036569725115,0.00324080223137213
"1984-09",0.0602317673999029,0.00644122383252821,0,0.0108166015827487,0.0259750575899595
"1984-10",-0.0473198507755743,0.00800000000000001,-0.00305676855895198,0.00396581196581192,0.0262207081655828
"1984-11",0.00460291288815617,0.0087301587301587,-0.00350416119141483,0.00425662330586385,0.0342017905643295
"1984-12",-0.0248922929631402,0.00747442958300559,-0.00307692307692309,0.00223797090637823,-0.00192588269623573
"1985-01",-0.0429202608878603,-0.0124951190941038,0.0185185185185186,0.00311262983388039,-0.00786457724242784
"1985-02",0.0156078258958012,-0.00553578489521545,-0.0017316017316017,0.00603730311308981,0.0193261627621433
"1985-03",0.0255411255411255,0.00318091451292246,0.00173460537727665,-0.00191095614858527,-0.00210556746729629
"1985-04",-0.0119600393977768,-0.000792707094728451,0.00259740259740249,0.00712102381512203,-0.00839175695772254
"1985-05",-0.0232127598974651,0.000396667988893373,0.00086355785837644,0.000800453590367844,0.00131470029702485
"1985-06",0.0142149001312144,0.00198255352894527,-0.00301984469370142,-0.00406571799913358,-0.00466835246061081
"1985-07",-0.0236469488967153,0.0023743569449941,-0.0051925573344872,0.00220846578551104,-0.00530095759233928
"1985-08",-0.00758244994110724,0.00236873272799043,-0.000869943453675526,0.000801308804380563,-5.40288317493198e-05
"1985-09",-0.0121652696387509,0.00275699094131543,-0.00130605137135398,0.00243536280233525,0.0139303678088651
"1985-10",0.0177968010813245,0.00392772977219158,0.000871839581517042,0.00216320553780625,0.0116510028098054
"1985-11",-0.00383650582853767,0.00391236306729259,0.005226480836237,0.00043170723607755,0.00811684424757564
"1985-12",-0.0178492075248111,0.00311769290724873,-0.00389948006932406,0.00690433512580491,0.00731521945658375
"1986-01",-0.0195309554332252,-0.0120435120435121,-0.00391474554153981,0.0036592602360388,-0.0126379326605678
"1986-02",0.00276880479926156,-0.00471883602044831,0.00349344978165944,0.00285761208737068,-0.0230681058362785
"1986-03",-0.00398834177021012,0.00474120900829722,-0.0108790252393386,0.0107755797196385,0.0133659252016622
"1986-04",-0.0110888649314647,0.0047188360204482,-0.0131984161900572,-0.00317552898480278,0.00533567472646235
"1986-05",-0.0192337642111821,0.0050880626223091,0,0.00263303318922081,0.0178607418782091
"1986-06",0.0106391425168717,0.0050623052959502,-0.0106999554168524,0.000453897030216588,0.00166421513162862
"1986-07",-0.00125697226804933,0.0046493607129019,-0.0085624155024786,0.00136107330351942,-0.0146141717459346
"1986-08",0.00487689766380872,0.00578480524489011,-0.00318181818181817,-0.000776699029126249,0.00649598777225835
"1986-09",-0.00954990215264184,0.00690184049079745,-0.00683994528043774,-0.00505246793626113,0.0242264616552772
"1986-10",-0.00932585157670118,0.00799695354150809,-0.00459136822773187,-0.00628255208333328,0.00634773543380063
"1986-11",-0.00215396888711605,0.00717793728749538,-0.000922509225092294,-0.00232580993874276,-0.0234213494785792
"1986-12",0.0128717620722738,0.00562640660165048,0.0036934441366574,-0.00794588915156291,-0.0174580873894431
"1987-01",0.00584102928407915,-0.00671391271913468,0.0183992640294388,-0.00215132057986367,-0.0301960125716754
"1987-02",0.000784744565643924,-0.005257228689448,0,-0.0160867690470662,-0.0164116925269158
"1987-03",-0.0125460675919391,-0.00151000377500943,0.0117434507678411,-0.0140911542610572,-0.0145878920495989
"1987-04",-0.0176288414198364,-0.00491493383742914,-0.00491071428571432,-0.00461601586541749,-0.0118686030781796
"1987-05",-0.0291003152534153,-0.00455927051671734,-0.00538358008075368,-0.0224657346020405,-0.0321227462933306
"1987-06",0.00224793938889345,-0.00381679389312972,0.00631483987370318,-0.0133534806901641,-0.0207470429992741
"1987-07",-0.0204352882538628,-0.00344827586206897,0.00224114746750326,-0.0155643409196139,-0.0302510015534299
"1987-08",-0.0103459972862958,-0.00307574009996159,-0.000894454382826426,-0.0155571635311144,-0.000893685186746485
"1987-09",-0.0179091688089117,-0.002313922097956,0,-0.0159500183755972,-0.0164045095524201
"1987-10",-0.0143093970857692,-0.000773096250483163,-0.00223813786929272,-0.0211383328353749,-0.0300846488217799
"1987-11",-0.01460564751704,-0.00154738878143135,-0.00224315836698075,-0.0211369706219,-0.0386543224436844
"1987-12",-0.0144628099173554,-0.00309957380860126,0.0139388489208634,-0.0116152167134393,0.0326330317435977
"1988-01",0.0085680430225139,-0.0128254955305092,0,-0.0186134553198202,0.027152573584009
"1988-02",-0.0344328965205604,-0.00944881889763782,0.00399113082039904,-0.0157518283372177,0.00678942376645297
"1988-03",-0.000561587420441767,-0.00397456279809216,0.010600706713781,-0.0178819302686373,-0.0256763742891608
"1988-04",-0.0108634575763251,-0.00399042298483643,-0.00524475524475521,-0.0179580977718656,-0.0153519632118854
"1988-05",0.010604052262829,-0.00480769230769229,-0.00571177504393672,-0.0191330849983068,-0.00847822963069411
"1988-06",-0.0220161139216787,-0.00402576489533013,-0.00353513035793196,-0.0195926117728292,-0.00775966183574883
"1988-07",0.0246192164000383,-0.00404203718674212,-0.0053215077605322,-0.0252663086539308,-0.00272038462708823
"1988-08",0.00747943156320119,-0.00365259740259738,-0.00802496656263929,-0.0169797687861272,0.0208521492908926
"1988-09",0.00593912397921303,-0.00244399185336053,-0.00179775280898875,-0.00937155457552374,-0.00463281226649137
"1988-10",-0.00562730627306274,-0.0016333197223356,-0.00855470508779832,-0.0168799851604526,-0.022881508618101
"1988-11",-0.001020502829576,-0.00163599182004093,-0.0145322434150772,-0.0240566037735849,-0.0267055931161647
"1988-12",-0.0387258543833582,-0.00204834084391647,-0.0165898617511521,-0.0305461575640406,0.0228663446054751
"1989-01",0.0140083083760025,-0.0094417077175698,-0.014526710402999,-0.0191943364243693,0.0202128710426237
"1989-02",0.0106707317073171,-0.00663075010360548,-0.00808368996671427,-0.0249580643521577,0.00974281391830556
"1989-03",-0.0016025641025641,-0.00208594075928248,-0.00958772770853311,-0.021530601605672,0.0222941387989932
"1989-04",0.028986875649136,-0.00125418060200666,-0.00677637947725074,-0.0299962704459481,-0.0081369445421503
"1989-05",-0.0113782345384474,-0.00125575554625368,-0.00292397660818711,-0.0180160386685708,-0.00982315948744616
"1989-06",-0.0242249860775942,-0.000838222967309288,-0.0127077223851417,-0.0142633404183913,0.00450665552438378
"1989-07",-0.00494625701512419,-0.00125838926174493,-0.0123762376237624,-0.0109515973443794,0.0291826365986274
"1989-08",-0.0156772775069304,-0.00125997480050399,-0.00751879699248126,-0.0216867469879518,0.0172867733665905
"1989-09",0.00281635427794491,-0.000420521446593769,0.00555555555555554,-0.0118461177574478,-0.000964867472614817
"1989-10",-0.0180127832655432,0.000420698359276495,-0.00100452034153686,-0.00789317507418397,0.0274116577661629
"1989-11",0.0406311637080867,0,0.0145801910507792,-0.0137584494825627,0.00818380380989248
"1989-12",0.0265352539802881,-0.00126156433978131,-0.0109018830525273,-0.0116455389094438,0.00181543946249829
"1990-01",0.033142540620384,-0.00715789473684214,-0.00551102204408815,-0.0144829702362688,0.0224137175893482
"1990-02",-0.0227861674559914,-0.00508905852417307,-0.0130982367758187,-0.00554206364032628,0.00795180722891575
"1990-03",-0.0546817849305048,-0.00255754475703329,-0.0117406840224604,-0.00807764558547275,0.00378781841846632
"1990-04",0.0415941187850648,-0.00299145299145298,-0.00154958677685946,-0.00877469856700963,0.00191587103330026
"1990-05",0.026374442793462,-0.00300042863266181,-0.0124159337816865,-0.00171952617500959,0.00892715651576781
"1990-06",-0.0220774520448788,-0.00300945829750643,-0.00576217915138821,0.0107177033492822,0.0118324607329843
"1990-07",0.0441339748334566,-0.00258732212160417,-0.0163329820864068,0.0143280944265607,0.0187053710027942
"1990-08",0.0295081967213116,-0.00216169476869865,-0.017139796464917,0.017548226509023,0.00868571428571419
"1990-09",0.0484592873127905,-0.00129982668977469,-0.0490463215258855,0.0277030332681019,0.0357882015257951
"1990-10",0.0344799277563419,-0.000433839479392573,-0.0229226361031518,0.0270157691163344,0.0368171829725998
"1990-11",0.0366637568446948,0.000434027777777679,-0.0240469208211144,0.0275798134306739,0.0579326190420368
"1990-12",0.0372808696317843,0.000867678958785145,-0.00841346153846156,0.0411615449675782,0.049729633897704
"1991-01",0.0314391143911439,-0.00216731686172522,-0.0266666666666666,0.0133225020308692,0.0255235602094241
"1991-02",0.0387807670291929,0.00130321459600347,0.00124533001245331,0.0479931591042702,0.0521646046482904
"1991-03",0.0328557652569224,0.00520607375271154,-0.0155472636815921,0.0605334285277168,0.0540509870673631
"1991-04",-0.0160720240080027,0.00733707380233062,-0.00694883133291224,0.0307751490671282,0.0321196281666716
"1991-05",-0.00555781482987661,0.00814053127677816,0.00699745547073793,0.0290632580705354,0.00446011078339681
"1991-06",0.029443838604144,0.00892477688057802,-0.00126342387871126,0.0311890838206628,-0.0104132349781566
"1991-07",0.00019862288135597,0.0101095197978096,0.00759013282732446,0.0292785861871896,-0.0325924907364521
"1991-08",0.000661944793804103,0.0108423686405337,0.00251098556183305,0.0213556571135693,-0.0141876601395201
"1991-09",-0.0223589336508566,0.011138613861386,0.00814026299311199,0.0182327604232009,-0.000576736279747414
"1991-10",0.00115028080384327,0.0118319053447573,-0.00745341614906836,0.0144564458499323,0.00484054669703871
"1991-11",0.000878615842119457,0.0108870967741936,-0.00375469336670842,0.0140480142504351,9.44554642485773e-05
"1991-12",-0.00337632520764397,0.0107698444355804,0.746859296482412,0.0124161609709359,0.00955799017755954
"1992-01",0.00941798224811974,0.00710339384372527,0.058252427184466,0.0112386135099964,0.00245107211016737
"1992-02",0.00463149416029007,0.00744514106583072,-0.0186884131838261,0.0174309780065511,-0.00858950669130409
"1992-03",0.0384846662657847,0.00894593543368338,-0.00484764542936289,0.0103483959986201,-0.0033285137658895
"1992-04",-0.0156340474811812,0.00848111025443332,0.00974251913709123,0.0109631652820454,0.00897242160936917
"1992-05",0.0227450980392156,0.00840978593272168,0.0120606478290834,0.0118949343339587,0.00219039595619197
"1992-06",0.0437116564417177,0.00833965125094771,0.00953353762342535,0.00533985982867957,-0.013300455802137
"1992-07",-0.00710262062209155,0.00789473684210518,0.0182124789207421,0.00815167275275708,-0.0191404770920106
"1992-08",0.0346571287617168,0.00857888847444976,0.00463729711825112,0.0162812820137568,0.0102646258372097
"1992-09",-0.00578138037906784,0.00924556213017746,0.00230794592812389,0.0108003024084675,-0.0228273163574114
"1992-10",-0.0203225226305377,0.00989373396848658,0.0138157894736841,0.0144958506962996,-0.0247057443397333
"1992-11",0.0701872475829153,0.00943396226415105,0.009085009733939,0.0142185086364275,-0.0416459512774044
"1992-12",-0.0378523643433015,0.00934579439252325,0.00932475884244366,0.0247152895565785,-0.0390126555799603
"1993-01",-0.0467106436084863,0.00747863247863245,0.00828289264096838,-0.00770192210248966,-0.0454505877231172
"1993-02",-0.0212580263075868,0.00848356309650056,0.00758293838862567,-0.00234893617021281,-0.0287102070601113
"1993-03",0.0252229299363058,0.010515247108307,0.0153653182815929,-0.00255920289360545,0.000493038762237941
"1993-04",0.036406560636183,0.0114464099895941,0.0105003088326128,0.000821046149635629,0.0299901440841037
"1993-05",0.00449586380529921,0.0106310013717421,0.0195599022004891,-0.00550333276363013,0.0154014398979312
"1993-06",0.00835471743152105,0.010519172039362,0.0197841726618706,-0.0026122224513645,0.00556453060491835
"1993-07",-0.00503047878321594,0.0100738750839489,0.0288065843621399,-0.0081673444069198,-0.00846126383434487
"1993-08",-0.0347370925529383,0.00997340425531923,0.0114285714285713,-0.00114658976408044,0.0116840096496598
"1993-09",0.0256963273354696,0.00987491770901916,0.0189265536723164,-0.00657437039098374,-0.000155707803185301
"1993-10",-0.021808350856113,0.00945241199478497,0.0246742445245356,-0.0112048741202423,0.00672317515406351
"1993-11",0.00196536052082052,0.00839522118178881,0.0045995670995671,-0.0104819575764015,-0.00393801711335828
"1993-12",0.00999141841363249,0.0070445084854307,-0.00296256396444927,-0.010557205740257,-0.0134226698910656
"1994-01",0.00552285003337993,0.00476947535771055,0.00486223662884933,0.000434027777777679,-0.0265179454888909
"1994-02",-0.0327136648961854,0.00221518987341773,0.00322580645161286,-0.0114967462039045,0.027517510302896
"1994-03",-0.045426182453513,0,0.00535905680600224,-0.00811937678297125,-0.0014613309352518
"1994-04",0.0373905085632109,-0.00347331859804234,0.00239872068230285,-0.0131637168141593,-0.0143149836766858
"1994-05",-0.0211720226843101,-0.00411913814955644,0.000797660196756089,-0.00885550947203229,0.00394707989182086
"1994-06",-0.0331530835586455,-0.00445434298440983,-0.00664187035069075,-0.0104425846339441,-0.00316254095376778
"1994-07",-0.0237033091417538,-0.00511345477788427,-0.0037443166622092,-0.0119623604708751,-0.0222810581334307
"1994-08",0.0134351769760621,-0.00578220366206228,-0.00805369127516775,-0.0155388471177945,-0.0121344264744332
"1994-09",0.00127860026917892,-0.00581583198707591,-0.0105548037889039,-0.0112407958640138,-0.0014178698868067
"1994-10",-0.020498689428053,-0.00552486187845302,-0.0095733041575492,-0.015686274509804,-0.0183496225477435
"1994-11",-0.0273775216138329,-0.00490196078431371,-0.0104943385805026,-0.0126363233932955,-0.0195170870940369
"1994-12",-0.00712522045855379,-0.00492610837438423,-0.00390734021769468,-0.0187894844100265,-0.00527143981117228
"1995-01",-0.0034105442660225,-0.00693069306930694,-0.00672457270944238,-0.00834925645925066,-0.00421676026259588
"1995-02",-0.00156851561385996,-0.0033233632436025,-0.00959097320169255,-0.0120219494826792,-0.000546081862635606
"1995-03",0.0204941445301343,0.00133377792597522,0.00142409569923108,-0.00708047146612401,0.00623370172606474
"1995-04",-0.0289692813658946,0.00466200466200473,0.0127986348122866,-0.00952218284299078,-0.00665416131898511
"1995-05",0.00504431793615345,0.00464037122969829,-0.000280819994383563,-0.00538886014830142,0.0164138904349209
"1995-06",0,0.00461893764434174,0.0117977528089888,-0.00567812405183998,0.0170142029481506
"1995-07",0.0169212016921201,0.00459770114942537,0.00555247084952804,-0.0045771578029643,0.00838881811407832
"1995-08",-0.0102235070154411,0.00523046747303035,0.00607399226946437,-0.00998467265163128,-0.0063405797101449
"1995-09",-0.0334093175666049,0.00552845528455292,0.011251372118551,-0.0118547352589906,0.00712949191575118
"1995-10",0.00935956960719286,0.00582147477360939,0.00651289009497957,0.00214870853664006,0.00876064711598934
"1995-11",-0.00919976635514019,0.0054662379421222,0.00781881908870319,-0.00442220931790771,0.00649335316757571
"1995-12",0.0167280766396463,0.00511672529581064,0.0149812734082397,-0.00314070351758799,-0.00869891615445972
"1996-01",0.0111618467782852,0.00381800827235135,0.0121244069583553,-0.0105320010802052,-0.00835873454628067
"1996-02",0.011253673571787,0.00285261489698896,0.0203125,0.00309315866084425,0.0282564078086964
"1996-03",0.00163028069180604,0.00252844500632121,0.0102092904543134,-0.0118356611645202,-0.00576521375852945
"1996-04",-0.0257589696412144,0.000945775535939442,-0.00884284992420414,-0.00367124042035705,-0.00577996899919697
"1996-05",-0.00631945957725,0.00125984251968503,0.000509813917920043,-0.00833678780341762,-0.0221178680441418
"1996-06",0.0623538011695906,0.00251651462724123,0.00407643312101902,-0.00859266140269388,-0.0173645793315406
"1996-07",-0.00144498727035025,0.00313774709758396,0.00507485409794461,-0.0145701569454205,-0.0159267730080538
"1996-08",-0.0332828004410143,0.00187675946199573,0.00429184549356232,-0.0096985832461729,-0.0116653837558662
"1996-09",0.0515361037850168,0.000936621916952873,0.010306686777275,-0.0188190110417666,-0.00244201471238492
"1996-10",0.00277928416485906,0.000311915159076692,0.0116944513560586,-0.0202563851648889,-0.00486072633858858
"1996-11",-0.00540796322585002,0.000623635796694666,0.0108214461387113,-0.049190970834998,-0.0114038417735935
"1996-12",-0.0123700129137497,0.00093487067622311,0.00632603406326027,-0.0167025579074531,0.00667137707872523
"1997-01",-0.0255316220494116,0.000311332503113215,0.0432785299806577,-0.0286843651514342,0.016046588510541
"1997-02",0.00543785310734468,-0.000622471210706466,-0.0041714947856315,-0.0360756709194897,-0.0247534664864594
"1997-03",-0.0179110767717918,-0.000311429461227086,-0.00372352804282061,-0.0276700136923779,-0.0255254715770563
"1997-04",0.0122300100128736,-0.0018691588785047,0.00490539593552919,-0.0244675233233586,-0.0183669384573246
"1997-05",-0.00515791704938884,-0.00187265917602997,0.0162715016271502,-0.0258631059785878,-0.0082472567273898
"1997-06",-0.0225852272727273,-0.00125078173858661,0.00457456541628543,-0.0296986910348234,-0.0102149025039496
"1997-07",-0.0231071065252143,-0.000939261114589862,0.00569216757741353,-0.0110722239898187,0.000929266426150654
"1997-08",0.000297530496875975,-0.00219366969602008,0.0086031242925062,-0.0177594749372627,-0.0101032166457321
"1997-09",-0.00408982748364073,-0.00376884422110557,0.00718294051627377,-0.0188011791680315,-0.00466181176210967
"1997-10",0.00604793548868821,-0.00441361916771754,0.0046801872074882,-0.0224996661770597,-0.0142726491699693
"1997-11",-0.00081638711592702,-0.00379987333755538,-0.00199645075421473,-0.0221296359538283,-0.00598290598290596
"1997-12",-0.0469434747084603,-0.00317863954227593,-0.00177817292731719,-0.0148075714185932,0.00830995157713721
"1998-01",0.0427090639856598,-0.00382653061224492,-0.00378534847472722,-0.00708968450903935,0.0231984066874247
"1998-02",-0.0263846326332312,-0.00224071702944939,-0.00648189539561916,-0.0141378079257408,-0.0210275249479109
"1998-03",-0.0224167050514356,0.000641642605069048,-0.00494938132733413,-0.0114434707032665,-0.00635694082724247
"1998-04",-0.00981623998743519,0.00192369349150368,-0.010626271761248,-0.00402959923803947,-0.00856772448001808
"1998-05",0.00269648663652955,0.00224000000000002,-0.0134826325411335,-0.0069148153597175,-0.0233441355392575
"1998-06",0.0109942260539428,0.00223499361430401,-0.0171415334723187,-0.00429629629629624,0.00571065989847708
"1998-07",-0.0067282115474887,0.00191143676330041,-0.00966297431062924,-0.000148787382829974,0.0676062859954274
"1998-08",-0.0235507246376812,0.000635930047694799,-0.00642551166111371,-0.00245535714285716,-0.00800780720539995
"1998-09",0.0201661692344923,-0.000635525897680345,-0.0098203592814371,-0.0100693667487134,-0.050489703117485
"1998-10",-0.0249861627263382,-0.000953895071542088,-0.00749879051765845,-0.00399336949969864,-0.00632015195993785
"1998-11",0.00575784607898799,0,0.00268096514745308,0.00257205537483918,0.0123557625469206
"1998-12",0.0151588453475247,0.000636537237428403,0.0119105493437044,-0.00830000754546145,0.0150201699424941
"1999-01",-0.0262112787926926,0.000318066157760866,-0.00792697573864998,-0.00349996195693525,0.025040870398557
"1999-02",-0.00220228384991838,-0.00381558028616857,-0.0026634382566586,-0.00397037489501417,-0.00746293281710586
"1999-03",-0.0035150821548271,-0.00797957229492496,-0.00655498907501817,-0.00536604062859336,-0.010472364593434
"1999-04",0.0466776045939294,-0.0135135135135135,0.000488758553274682,-0.00724470134874755,0.00268779572752464
"1999-05",-0.0290775139117486,-0.012720156555773,0.00244259892525656,-0.0116450586134617,-0.00990143244073383
"1999-06",-0.0472231191475622,-0.0115626032375289,-0.00121832358674467,-0.00785484251040769,-0.00686438192360628
"1999-07",-0.000847242226552525,-0.0103609625668449,0,-0.0145673343361571,-0.00378815845520375
"1999-08",-0.0172983973543628,-0.0114826072272881,0.00219565747743355,-0.012613481160119,-0.00352321444859982
"1999-09",0.0106998015359392,-0.0129825760163991,-0.000243427458617385,-0.00496338486574455,-0.00838148635505465
"1999-10",-0.0390164774182532,-0.0124610591900312,-0.00365230094959823,-0.0181535693842505,-0.0188836001730852
"1999-11",-0.0368692253020612,-0.0119172800560813,-0.00708699902248289,-0.0138252685933206,-0.0196822148519277
"1999-12",-0.0224149063739507,-0.0117062788222774,-0.0110755599310854,-0.0209441770120767,0.00431900662847551
"2000-01",0.00783166635214183,-0.0132806891600862,-0.00945744151319061,0.00310532217717596,0.00556069882036736
"2000-02",0.0121711450238742,-0.0145507457257185,-0.00728643216080405,-0.00920113509330123,0.0160909026111336
"2000-03",0.00110998057533984,-0.0155038759689923,-0.000759301442672777,-0.00711681999652836,-0.0139712974600298
"2000-04",-0.0164464566201608,-0.0187476565429321,-0.00481256332320157,-0.0268356643356643,-0.0372017192826442
"2000-05",-0.0159699389384688,-0.0179594956056554,-0.0114532960040723,-0.0077247821791071,-0.0145935960591133
"2000-06",0.0128878281622911,-0.0167315175097277,-0.0023171987641607,-0.0100479768262877,0.00574892207711053
"2000-07",0.00659754948162106,-0.0158290462999604,-0.00283870967741939,-0.0172823701536211,0.0287915501708604
"2000-08",0.0422284644194757,-0.0148773622838761,-0.0012939958592133,-0.0133060388945753,0.0157080394240989
"2000-09",-0.00808552690683673,-0.0134693877551021,-0.00414615185281164,-0.014711429649189,0.0133127211106816
"2000-10",0.0147631555112762,-0.00992966487381053,-0.0072859744990893,-9.57120980091819e-05,-0.0102333004741116
"2000-11",-0.0086576222777579,-0.00919348098620976,-0.00235910878112711,-0.00871063463195187,0.0209271994308751
"2000-12",-0.0247591608895291,-0.0092787853226487,-0.0015764582238571,-0.00550405561993028,0.0590790314151326
"2001-01",0.0156019202363369,-0.0102171136653896,-0.00157894736842101,-0.0206816195747161,0.0401954118782348
"2001-02",0.0185437687482957,-0.00602150537634405,0.000790722192936189,-0.00902240729724368,0.0363967003136283
"2001-03",0.0215082552431951,0,0.0028970239662891,-0.00860430215107555,0.0386328959414097
"2001-04",8.73667656824395e-05,0.00432713111207272,-0.00262605042016806,-0.0155414269855687,0.0379940846946369
"2001-05",-0.0123176378090329,0.00387763894872895,0.00210637177461814,-0.000615069195284423,0.0447458426701262
"2001-06",0.0283035556341766,0.00343347639484981,0.00814503415659495,-0.0136424248640886,0.0548902736385803
"2001-07",-0.0214175124720454,0.00299401197604787,0.00364868386760486,-0.0101913477537438,0.0295741730018493
"2001-08",0.023028917992441,0.00255863539445622,0.00363541937159173,-0.000630384534566097,0.0233239787963828
"2001-09",-0.00446773777815967,0.00127605274351339,0.0100905562742561,-0.00536164844407061,0.0418835192069393
"2001-10",0.0208854751014067,0.00169923534409522,0.00870901639344268,0.00729309798118583,0.0719299340206829
"2001-11",0.0224025699551949,0.000848176420695568,0.00584052818689695,0.00703043022035676,0.0541125541125542
"2001-12",0.0835124855300149,0,0.00378692249431967,0.00708554756694801,0.00126654357841693
"2002-01",-0.00343406593406592,-0.00254237288135595,0.0025150905432596,-0.00858768753233319,-0.021807315290971
"2002-02",-0.00482425913163331,-0.00169923534409511,-0.00376317109884594,-0.00657482780212904,0.00103944609855366
"2002-03",-0.00338565712526928,-0.00127659574468086,-0.00377738604885425,-0.00462233427881076,0.00791270679338263
"2002-04",-0.0229308214947499,-0.00340860673199828,-0.00353892821031343,0.00781002638522432,0.0283466271809127
"2002-05",0.0128802844725404,-0.00171013253527152,0.0210553018772197,-0.00816839459629282,0.00584110165894081
"2002-06",-0.0149789358714308,-0.000428265524625271,0.0176397515527951,0.00274522225741736,-0.00990259466211996
"2002-07",0.00245525106922218,0,0.00048828125,0.00031588922817738,-0.0317542591354876
"2002-08",-0.0252034447341392,0.00171379605826916,0,-0.00452631578947371,-0.0132844967246601
"2002-09",0.0191278975522775,0.00128314798973483,0.00244021473889711,-0.00211483557153436,0.0123033322863424
"2002-10",0.0050898679815492,0.00256300726185388,0.00998052580331055,-0.0044505669174526,0.00546515522803803
"2002-11",-0.014796645038772,-0.000852151682999569,0.014943359845746,-0.00329962746141566,-0.0141006084196869
"2002-12",0.016384226166573,-0.00426439232409381,0.0130610306340537,-0.00128150363092694,-0.0117342002674786
"2003-01",-0.00940339786645594,-0.0269807280513918,0.0121894045944679,0.00438408896492737,-0.0127949036333207
"2003-02",0.00749840459476703,0.0149647887323943,0.0106530801296896,0.00340679229213237,-0.00258850122133514
"2003-03",-0.0123515439429929,0.0143104943625325,0.00481209899175061,-0.00137931034482763,0.0280429855983624
"2003-04",0.0295815295815296,0.0119709277469005,0.00342075256556451,-0.00541861453463666,0.0207927410293971
"2003-05",0.0323911858600014,-0.00337980566117446,0.00272727272727269,0.0118577075098814,0.0304980842911877
"2003-06",-0.0322045403122407,0.00423908435777864,-0.00294650951949227,-0.000105574324324342,0.00244713644475691
"2003-07",0.0157418952618453,-0.00886449978894044,0.00181859513525806,-0.00728539752930002,-0.0150043833029874
"2003-08",0.0174927113702623,-0.0229982964224872,-0.00272294077603807,-0.0073388640714741,-0.0130832163762709
"2003-09",0.00542904539285183,0.0309503051438536,-0.00477815699658701,-0.00492874745526628,-0.0049183512077362
"2003-10",-0.0341982900854957,0.0177589852008457,-0.000914494741655281,-0.00721438570044153,-0.0158945937467322
"2003-11",-0.0216648547911167,0.0124636476942253,0.00137299771167054,-0.00976138828633411,-0.0338540006375518
"2003-12",-0.00658782443051031,0.0258514567090686,0.00342778793418641,-0.00766703176341732,-0.0323603595676976
"2004-01",0.00151805688718443,-0.00119999999999998,-0.0214074242769301,-0.0075055187637969,-0.0343442762696774
"2004-02",-0.00319106501794975,0.000400480576691953,0.0034908075401443,-0.00789590747330959,-0.0166548964218456
"2004-03",0.000320128051220392,-0.00600480384307445,0.00231910946196656,-0.0124425512834884,-0.0218245656033674
"2004-04",-0.0144011520921674,-0.0132903745469191,0.00624710782045357,-0.0103291713961408,-0.0161523871678257
"2004-05",-0.0172091890575534,-0.00244897959183676,0.00206944125086217,-0.0158275031540315,-0.00944010281710583
"2004-06",0.0224663417857438,0.0028641571194763,0.00206516750803121,-0.0130520918307889,-0.0108107881872364
"2004-07",-0.0230228612973584,0.00611995104039176,0.00618273414243187,-0.0123981579879561,-0.00960037233704969
"2004-08",-0.0073590210021498,0.00648824006488247,0.000682749203459343,-0.0022716403634625,-0.00696782241665095
"2004-09",-0.0063306955435235,0.00765511684125708,0.00568569479190351,-0.00191731575793885,-0.0112714835767601
"2004-10",0.019113085757398,0.00439824070371841,0.00452284034373585,-0.00168087405450834,-0.0242314804742739
"2004-11",0.0208933124948589,0.00676751592356695,0.00697883836109869,-0.00240529164161152,-0.0196471889269406
"2004-12",-0.00902425267907503,-0.0114669829972321,0.0129666890230271,-0.00409885473176608,-0.0101660222879236
"2005-01",-0.0239856898934873,-0.0248,0.0582652836018538,-0.00290521728604287,0.00107069825149919
"2005-02",0.00849716761079633,-0.0127153404429861,0.0329509906152241,-0.00242806847153088,-0.00687635415519072
"2005-03",-0.0214769535767388,0.00415454923140834,0.0117100747022008,0.0102227090178897,-0.0131962098451583
"2005-04",-0.0187405031234172,0.014480761274307,-0.0141688285771303,0.0122876761835924,-0.0158645401531652
"2005-05",0.0356159669649001,0.0163132137030995,-0.000202429149797623,0.0164227061763655,-0.0144592304909856
"2005-06",-0.02583485628842,0.0060192616372392,-0.00506175339137482,0.0106544901065448,0.00398415994591206
"2005-07",-0.0137290014496461,0.00558436378141214,-0.00834350834350839,0.00405468025949962,-0.00139974506361384
"2005-08",0.00389071416219955,0.00793335977786591,-0.00738764621383137,0.00173070266528219,-0.00454711855262901
"2005-09",0.001550254069417,0.00590318772136955,-0.00640893115567498,0.00909928587882969,0.0198635439852899
"2005-10",0.00206380600223577,0.00469483568075124,-0.00332917186849768,0.0138112087661226,0.0671790857115746
"2005-11",-0.0549214794473526,0.00389408099688482,-0.00688935281837155,0.0142985814005854,-0.0242037310380395
"2005-12",0.0391355670571143,0.00116369278510464,-0.0121925583350851,0.00799200799200794,-0.0385092035720794
"2006-01",0.00340789933589658,0.00542425416505221,0.00915088316663115,0.00594648166501477,-0.0149411452508672
"2006-02",-0.0307410955325264,-0.000385356454720598,-0.000421762969211259,0.0112753147235907,-0.0276849067949488
"2006-03",-0.00287511230907456,-0.00616808018504245,-0.00168776371308021,0.0129898246373674,-0.0206313081337819
"2006-04",-0.00324382771670573,-0.0108611326609775,-0.0126796280642435,0.0102586022654414,-0.0220560747663552
"2006-05",-0.0346230338094378,-0.00862745098039219,-0.0207619863013698,0.00571186799238421,-0.0148204397057609
"2006-06",0.00149826762805505,0.00356012658227844,-0.0131147540983606,0.00515355490113589,0.00676401961041351
"2006-07",0.0446937821411875,0.00906582577847859,-0.0212624584717608,0.00104635345819815,0.0155568865394131
"2006-08",0.00653360780452883,0.001953125,-0.00475220638153429,-0.00553987665934985,0.0101183638303111
"2006-09",0.000533523030410876,-0.0257309941520468,-0.00432014552069127,0.00704225352112675,-0.00366054882847211
"2006-10",-0.0367045858514042,-0.0292116846738696,-0.017583923270153,0.00041749295480642,-0.00361284931004258
"2006-11",0.0312759479656795,-0.0226710634789777,-0.0211529521152952,-0.00970266040688572,0.00360549262280419
"2006-12",-0.0229915906244409,0.00042176296921137,-0.0227974352885301,-0.00979772439949433,0.0166734610680799
"2007-01",0.0234410768244666,0.0185497470489038,-0.0216281895504252,-0.0152143845089903,0.00227054011788774
"2007-02",-0.014672989174197,0.0033112582781456,-0.0163934426229508,-0.0152333621434745,0.0215037631585528
"2007-03",-0.00508489966403336,-0.0115511551155115,-0.0174242424242425,-0.0161272627537027,-0.00490049690353223
"2007-04",0.00620607830610576,-0.0183639398998331,-0.0120791570290414,-0.0207404103479036,-0.015959540302267
"2007-05",-0.0295691609977324,-0.0119047619047619,-0.00650364203954212,-0.00842632657708953,-0.0164233576642335
"2007-06",0.0172913356388447,-0.00817555938037862,-0.0130924325739722,-0.0102204869085898,0.00405113477520525
"2007-07",-0.0169055494303565,0.00520607375271154,-0.010878217033696,-0.00649727346559925,0.0245934835874693
"2007-08",-0.0126168224299066,-0.0112214069917997,-0.00563304721030045,-0.00583907509050563,0.00466920302386487
"2007-09",-0.00993847610033127,-0.0139676996944565,-0.0145670353385486,-0.00798778339010919,0.00266063392923011
"2007-10",0.0047801147227533,-0.0234617087206729,-0.0090336709553791,-0.00970988750740087,-0.00331574094057174
"2007-11",0.0407231208372978,-0.028558476881233,-0.0140883977900552,-0.0132727490135119,0.0245816929133857
"2007-12",-0.00393124885719509,-0.0205319645356976,-0.016811431773606,-0.0121182743577315,0.0268450250966641
"2008-01",-0.0201009637448371,-0.0200095283468318,-0.0222285551439156,-0.028459273797841,0.0401620327059087
"2008-02",0.0150805545147996,-0.0160427807486631,-0.019236374234917,-0.0171717171717172,0.0154921976885372
"2008-03",0.0244532619728708,0.0128458498023716,-0.0181277860326895,0.000128468653648461,0.0230321280694374
"2008-04",-0.012069897315799,0.0195121951219512,-0.00242130750605329,0.0178548490687218,0.0231975274439866
"2008-05",0.00355579868708977,0.00813397129186599,-0.00182038834951459,0.0281423523472994,0.0136435748281332
"2008-06",-0.00881257381666212,0.0185097294731846,-0.0167173252279635,0.0417331533079661,0.0146911519198665
"2008-07",0.0119156736938588,0.00512581547064306,-0.00340030911901079,0.0400612701779193,0.0277640671273445
"2008-08",-0.00579710144927537,-0.00185442744552622,-0.00899503722084372,0.047807862240852,0.0622483691519591
"2008-09",0.0145772594752187,0.0102183000464469,-0.00187793427230043,0.0472483511730999,0.0441595334257641
"2008-10",0.0204741379310345,0.00735632183908042,-0.00344935716525552,0.0451166632252735,0.0560717314041386
"2008-11",0.0501583949313622,0.0237334550433592,-0.000629326620516069,0.0870295366986071,0.0799596836189076
"2008-12",0.0500251382604324,0.0294248773963441,0.0107052896725441,0.0717920756088695,0.112206094505328
"2009-01",0.0759715904556699,0.0337808575140754,0.0165109034267912,0.0520603696794981,0.0803202912773251
"2009-02",0.0799525328191055,0.042312526183494,0.0122586576769843,0.115087040618955,0.0845146817205207
"2009-03",0.0223198956115651,0.037379421221865,0.023917650620648,0.0531222896790979,0.0842457937798926
"2009-04",0.0192798602713959,0.0290585044556373,0.0254287403903015,0.0368540251183858,0.0810362972749055
"2009-05",0.0399393659790417,0.0135542168674698,-0.000576701268742763,0.0255493778130791,0.0653465346534654
"2009-06",0.00684454021167369,-0.0104011887072808,0.00577034045008662,0.0145217503549762,0.0176482711421506
"2009-07",-0.00107005727953668,-0.00938438438438438,-0.00286861732644861,0.00884280170494312,-0.0376859219915744
"2009-08",-0.00831758034026464,0.00682076544145516,-0.00258918296892985,0.00945894816496406,-0.0330289072426938
"2009-09",-0.0260515948659296,0.0143018441851712,-0.000865301413325636,0.00555972013993,-0.0127380688397762
"2009-10",0.0112865344467641,0.029313543599258,-0.0129907621247113,0.00546685717835627,-0.0280758672323435
"2009-11",0.00819301980517384,0.00829127613554426,-0.00204738227551915,-0.0050046339202966,-0.0471391278298455
"2009-12",-0.0105579728692091,-0.0100107257776189,-0.00644783118405623,-0.0105563835072032,-0.0531876670184815
"2010-01",-0.015003556877708,-0.00252798844348145,-0.00383480825958704,0.00979038533952559,-0.0678636228876371
"2010-02",-0.0020353226971308,-0.00796524257784215,0.00207284572105415,-0.0201988812927284,-0.0208314249946566
"2010-03",-0.00190789473684205,-0.0083941605839416,-0.00472813238770686,-0.017697431018078,-0.0114727473526928
"2010-04",-0.00731659086414871,-0.00110415899889582,-0.0195961995249406,-0.0145292522278186,-0.00594095843957831
"2010-05",-0.00843293492695885,0.0011053795136331,-0.0151423379769836,-0.020509796212568,-0.00626735422451408
"2010-06",-0.0146655059264715,-0.0080971659919028,-0.00738007380073802,-0.0157211667112657,-0.0174437170684976
"2010-07",0.00781568574147062,-0.00742115027829315,-0.00712515489467158,-0.00890369061374296,-0.0156246191346739
"2010-08",0.0128801672398677,0.00747663551401878,-0.00686427457098282,-0.000617199286791936,-0.0153828799084346
"2010-09",0.00532623169107849,0.000371057513914641,-0.0103675777568332,-0.00013724010155769,0.0005309264666844
"2010-10",-0.0266887417218543,-0.00519287833827897,-0.00666666666666671,-0.0041863976391463,-0.0173800114507547
"2010-11",-0.0342927127985303,0.00410141685309462,-0.00319590923617774,0.000964851826326774,-0.031412719707133
"2010-12",0.00521383780736984,-0.000742666171555939,0.000961846745751949,0.00110162489672261,-0.0314279006983978
"2011-01",0.0124763440106539,-0.00371609067261236,-0.00160153747597691,0.00536451169188457,-0.0373799497076378
"2011-02",-0.00581516095534784,-0.00111898545318911,-0.013795316008983,-0.00225749076481052,-0.0217069731723591
"2011-03",-0.00835596406935446,-0.00933532486930544,-0.011060507482108,0.0034281796366129,-0.025495841845352
"2011-04",0.00280879151744973,-0.000753863550697287,-0.0138157894736842,0.0144858216604031,-0.00724307550097392
"2011-05",-0.0136545059869757,-0.000754432289701956,-0.00500333555703802,0.0105745268404391,0.0080607616488646
"2011-06",0.000780917222774402,0.00830502076255191,-0.00335232986925915,0.012729938683018,-0.00996239361351192
"2011-07",-0.0327729304107257,0.00374391613627845,-0.00336360578540196,0.0234287594603488,-0.005797680927629
"2011-08",-0.00491382471580493,-0.00111898545318911,-0.0053999325008437,0.0138897820075878,-0.00489308934915211
"2011-09",0.0150353773584906,0.00186706497386102,-0.012555140821174,0.0122407560093867,0.00745992186447531
"2011-10",0.00573627650304975,0.0130450987700335,-0.00103092783505154,-0.00018796992481207,-0.00684306416835212
"2011-11",0.0204317377806658,0.00809418690213382,-0.00791193670450641,0.00219339474838631,-0.0130365413614821
"2011-12",-0.0149285411065516,0.00693430656934302,-0.00381414701803051,0.00162581290645325,-0.018303974898965
"2012-01",0.0313150901386197,0.00362450163102568,0,0.00505681108752642,-0.00127845251660597
"2012-02",-0.0295981614318546,0.00288912964969312,0.00382875043508535,-0.000248462637430946,-0.0518122999860859
"2012-03",-0.0263384527056122,0.00936262153402945,-0.00346740638002774,-0.00173967070518799,-0.0143845039162096
"2012-04",0.00434878749907863,0.0128433820906173,0.00765483646485743,-0.0149996888031368,-0.0105671024030015
"2012-05",0.021429619844415,0.00986262768580493,-0.00483425414364635,0.00183242765070135,-0.000583090379008722
"2012-06",-0.0263687311395315,-0.00313916986396934,0.00277585010409442,0.00239672027751503,0.00262731960703122
"2012-07",0.00656778097557376,-0.00734779566130161,0.00380622837370237,-0.00352356383313412,-0.00599921912542045
"2012-08",-0.000806451612903269,-0.000704970038773345,0.00103412616339194,-0.00776662246637616,-0.00192620009819844
"2012-09",0.00322841000807106,0.0194003527336861,-0.00309917355371903,-6.36375206821693e-05,0.00355710285325062
"2012-10",0.0288159145761719,0.030795847750865,0.00587219343696033,0.00540953350728701,-0.00569381598793361
"2012-11",-0.0130802587616408,0.0157771064115475,0,-0.00183567540194962,0.00502483977397694
"2012-12",-0.0109486422243031,0.00429610046265694,0.00412087912087911,-0.0105269833217071,-0.0255645906835462
"2013-01",-0.0234505862646566,0.00954261270154655,0.00102599179206564,-0.00660129462282899,-0.00393045229244116
"2013-02",-0.00141695875904246,-0.00162972620599744,0.00273317389818928,-0.00348387096774194,-0.0386626494314316
"2013-03",0.030993278566094,0.00587659157688547,0.00545144804088582,-0.00906383529716437,-0.0184729860886444
"2013-04",-0.0167330677290837,0.00746510873093142,0.00406641816333453,-0.0131321050568405,0.00590411681334246
"2013-05",-0.0178282009724473,-0.0045103092783505,0.00202497468781648,-0.0137040714995035,-0.0100145405394335
"2013-06",0.018076807680768,-0.00226537216828482,-0.00639946109801282,-0.0187273459524768,-0.0073976003309888
"2013-07",-0.00434686509983051,-0.0129743756081738,-0.00305084745762707,-0.022915384089199,0.00699423121811327
"2013-08",-0.00221992008287697,-0.0190601380216892,0,-0.024922990758891,-0.0186679912248023
"2013-09",-0.00400474636606352,0.0170854271356784,0.00170010200612047,-0.036042504307869,-0.0281339632191665
"2013-10",0.00580789277736415,-0.0135046113306982,0.00101832993890016,-0.0334425741099359,0.0174688598585131
"2013-11",-0.0164347053597867,0.00467445742904848,0.00271278399457442,-0.026123140941666,-0.0153518032716958
"2013-12",0.0374077976817704,0.000664672648720499,-0.00169090294217111,-0.0172495648045576,-0.0115276646623577
"2014-01",-0.025030835086701,0.00298904018598467,-0.00711382113821135,-0.0165861513687601,0.00503999123479781
"2014-02",0.00506027682690879,0.00264900662251666,-0.00136472193790516,-0.0280006549860815,-0.00401177368363681
"2014-03",-0.0146601510439804,0,-0.00273317389818928,-0.0292284366576819,-0.0178323591865327
"2014-04",0.00819056206792901,-0.00693527080581247,-0.00685166152792049,-0.0283731019522776,-0.0248381862596508
"2014-05",-0.00402474472683911,0.00033255736614568,0.00655398413245956,-0.0306304697267369,-0.016072408118486
"2014-06",0.00860585197934594,0.000664893617021267,0,-0.0399815753109167,-0.029148315400197
"2014-07",0.00126131473512392,-0.00232558139534889,-0.00685400959561344,-0.0319547068419537,-0.022586974206824
"2014-08",-0.0183030752130419,0,-0.00138026224982746,-0.036776367961935,-0.0141689106487148
"2014-09",-0.0120772946859904,0.0186480186480187,-0.00103662750518319,-0.0250077184316146,-0.0200192693537814
"2014-10",-0.0297218826405868,0.00882641386073879,-0.00864752680733305,-0.026282457251425,-0.0140377549727607
"2014-11",0.0035435861091424,0.0145819831497083,-0.00523377529658064,-0.0266666666666666,-0.0111587982832618
"2014-12",-0.00557124921531704,-0.0063877355477483,-0.00596282006313575,-0.0237220180420983,-0.00355538922155685
"2015-01",-7.89079144638549e-05,-0.0115718418514947,0.00105857445306978,-0.0240702715035364,-0.0105372978612415
"2015-02",0.0238320707070707,-0.00325203252032524,-0.00493479027141341,-0.0243132670952659,-0.0175822437789962
"2015-03",0.0103283490057038,0.00489396411092979,-0.00425079702444209,-0.0238409009224871,0.00590302932732301
"2015-04",0.00518767165090028,0.00487012987012991,0,-0.0123956799214531,-0.0218197337885779
"2015-05",-0.00159380692167577,0.00936995153473341,-0.00320170757737459,-0.0110600223685846,-0.0131493550762183
"2015-06",0.00106423413150902,-0.00768245838668369,-0.00321199143468953,-0.00138225684845439,0.00191219382792474
"2015-07",-0.000683423190826926,-0.0119354838709678,0.00107411385606881,-0.00478167862086321,-0.00350267527166415
"2015-08",0.0235562310030395,-0.000979431929480912,-0.00464949928469238,-0.00720697939056769,-0.00218648805734689
"2015-09",0.00831477357089838,-0.00294117647058822,-0.00179662234998201,-0.00585838003056549,-0.00202485299012534
"2015-10",-0.0198792519511117,0.000983284169124854,-0.00287976961843051,-0.00473994363310271,-0.0138692014786403
"2015-11",0.0245643028846154,-0.00032743942370661,-0.00577617328519853,-0.00695070150598531,-0.00628523111612178
"2015-12",0.0111445120610016,-0.00163773337700623,-0.00254175744371821,-0.00246273493195071,0.00465155855574784
"2016-01",0.00572837357697042,0.00426509186351698,-0.00327630141973057,-0.00623700623700618,-0.00474859546596651
"2016-02",0.0126892573900506,0.010454099967331,-0.00255661066471879,-0.00823744769874479,0.00148073344528665
"2016-03",-0.0274099387726043,-0.0164888457807953,0.00256316367630904,0.0105471324983519,-0.0116414105650757
"2016-04",0.0120049776736695,-0.0128205128205128,-0.0054784514243974,-0.0018264840182648,-0.0151659311056342
"2016-05",-0.0228571428571429,-0.00499500499500505,-0.00514138817480725,0.00287544111880811,0.0106853524536736
"2016-06",-0.0227996150714339,-0.00903614457831325,-0.00590623846437799,0.00664668317476869,-0.00509616491995857
"2016-07",0.0209832588440271,-0.0178993583248902,-0.00519866320089124,-0.000388399792853433,-0.0102734770655477
"2016-08",-0.00422911411188609,0.00825309491059145,-0.00559910414333709,0.0059577774899624,0.00321637426900589
"2016-09",0.0114745548021757,0.00238744884038189,0.00112612612612617,0.00373374533281834,-0.00757796560769453
"2016-10",-0.00655616942909765,0.0214358625382782,-0.00749906261717281,0.00436121087737296,-0.0226372980910425
"2016-11",-0.00511641702506305,0,-0.00151114469210423,0.00536398467432941,-0.0126265054448425
"2016-12",0.0115525080122234,-0.0133244503664224,-0.00529701097237989,-0.00851117886178865,-0.00396238473477584
"2017-01",-0.0294724432655468,-0.0280216070222823,-0.00798782807151011,-0.0105060858424088,0.0127166287795459
"2017-02",-0.0194351655025813,-0.0118096561306009,-0.00383435582822089,-0.00517933445552243,-0.00184039825011317
"2017-03",0.0126200061938682,0.00105448154657295,-0.00962278675904538,0.0188728361317194,-0.0178333937855156
"2017-04",-0.0328006728343145,-0.0014044943820225,-0.00738437621453558,0.0113694430250384,-0.023573582815289
"2017-05",0.0215019762845849,0.0066807313642756,-0.00391542678151924,0.00442086648983198,-0.0375063035804337
"2017-06",-0.02329360780065,-0.00279427174292701,0.000786163522012551,0.00226358148893357,-0.000851398257908142
"2017-07",-0.0192536249108628,-0.00105078809106829,-0.00628436763550666,0.00037641154328738,0.00975353959098069
"2017-08",-0.026579415091291,-0.00841514726507719,-0.00513833992094859,0.000501693214599364,0.000370014540922226
"2017-09",0.00879741057349159,-0.0254596888260255,-0.00754866905045692,0.00351009151310011,-0.00984393757502999
"2017-10",0.0134101192924723,-0.012699564586357,-0.00600480384307445,0.0044971892567145,-0.0116522924476368
"2017-11",-0.038642636791687,-0.0143329658213892,-0.00483286347160694,0.00920283546822542,0.0291757840991977
"2017-12",-0.0230535382536734,0.00708426547352725,-0.0117361392148928,0.0154035736290818,0.0190065073126731
"2018-01",0.0101132336416285,0.0222139948167346,-0.0102375102375102,0.0108009708737864,-0.00698659585230144
"2018-02",-0.00462091391408526,0.00869250271640709,-0.00579230450972279,0.0118861808140234,-0.0126707204482506
"2018-03",-0.00627579092159558,-0.00143626570915623,-0.00832292967124426,0.014000949216896,-0.033128043078709
"2018-04",0.0121982870490527,-0.0104279036317871,-0.00461603021401591,0.0135736016849988,-0.0285336961741636
"2018-05",0.0103418803418804,-0.00109011627906974,-0.00505902192242835,0.0160471022858462,-0.0589083419155509
"2018-06",0.0177649945013112,-0.0123681338668606,-0.00762711864406784,0.00147710487444619,-0.0195666447800394
"2018-07",-0.0395644584822542,-0.0162062615101289,-0.00426985482493591,0.0122532334921714,0.0136693752418371
"2018-08",0.0199913457377758,-0.00748783227255712,-0.00600343053173247,0.013337816633042,-0.00234905487245363
"2018-09",-0.00992703207194978,-0.00377216144851,-0.00905953408110438,0.024665413118018,-0.0339428277105331
"2018-10",-0.00745565172679752,-0.00113593335857631,-0.0052242054854158,0.0266623488773747,-0.0162386131675959
"2018-11",-0.0139008806769124,-0.00682335102350262,-0.00218818380743979,0.0233413941751657,0.0453700836172191
"2018-12",0.00358987829436996,0.00381679389312972,-0.006140350877193,0.027946162539813,0.045178492075248
"2019-01",0.031146396789391,-0.00570342205323193,0,0.0185907046476761,0.012577947845805
"2019-02",0.00439969540570262,-0.00344168260038236,-0.00838481906443067,0.0202139142380531,0.00710311767381633
"2019-03",-0.0147418077668268,-0.0023023791250959,-0.00489541611036937,0.018947773396172,-0.00924188729066777
"2019-04",-0.00974692202462379,-0.0157692307692308,-0.00760286225402507,0.018973003586936,-0.0583181371861411
"2019-05",-0.0691590398894837,0.00390777647518559,0.0261378999549347,0.016211208893006,-0.0349681599821249
"2019-06",0.0280122437621741,-0.00622810432074739,0.000878348704435705,0.026982680036463,-0.00146638882457362
"2019-07",0.0498060092032844,-0.0305522914218567,0.000438788942518586,0.0147345996804544,0.0153424022260009
"2019-08",0.0110872367855608,-0.0181818181818182,0.000438596491228127,0.0177571728481456,0.00459026376888816
"2019-09",-0.041567494049643,-0.00781893004115231,-0.00569925471284527,0.0171035668242372,-0.0301436711930165
"2019-10",0.0219955654101995,0.0174201576109498,0.00529100529100535,0.0236606388372487,0.0109383545589499
"2019-11",0.0519829905406579,0.00285364859355886,-0.00263157894736843,0.0173353145121347,0.0670994667284952
"2019-12",-0.0379475334103283,0.00365853658536586,0.00527704485488134,0.00641025641025639,0.0563329277478417
"2020-01",-0.0272680500771737,0.000405022276225298,0.00349956255468076,-0.00217689268725307,0.0160438806993486
"2020-02",0.0204513399153738,-0.0550607287449393,-0.00741063644289452,-0.00331286360698124,-0.0236048316350631
"2020-03",0.34407394609537,-0.0424164524421594,-0.0017566974088713,-0.00145926226185655,0.304944295468996
"2020-04",0.557233755382737,-0.0102908277404922,0.157061152661681,0.691889258748072,3.97346609114742
"2020-05",0.053489619877007,-0.0718806509945751,0.0874524714828897,0.270646384183502,0.739432307667733
"2020-06",-0.0548481880509305,0.0569897710667315,0.0251748251748252,-0.0245477548245779,-0.0959172054069938
"2020-07",-0.0993575129533679,0.16036866359447,-0.00682128240109137,0.023074838359983,-0.0856229664164576
"2020-08",-0.0528350515463918,0.0571882446386021,-0.00377747252747251,0.0186187322611164,-0.120039694294686
"2020-09",-0.0908649173955296,0.0037565740045078,-0.00586004825922093,-0.00416093918341565,-0.14505465281074
"2020-10",-0.00577231427044367,-0.0722305389221557,-0.0117891816920943,-0.029733258720388,-0.283227184580704
"2020-11",-0.0481668637780884,-0.0314643001210165,-0.0119298245614035,0.0186096585665949,-0.293934749528942
"2020-12",0.0194284423359312,-0.017076218242399,-0.0124289772727273,-0.00426543862298057,-0.133188749708239
"2021-01",0.0459833795013851,0.00889830508474576,-0.00862998921251346,-0.0198263770423442,-0.083701152262451
"2021-02",-0.107891949152542,0.0201595968080639,0.00398984403336966,0.0262221534653466,-0.101872440883177
"2021-03",-0.0962417621563855,0.00494030465212014,-0.00469653179190754,-0.00863043642119543,-0.0964975664289902
"2021-04",0.067993693338589,0.0118803768947153,-0.000362976406533599,-0.015472343660901,-0.0750554541202034
"2021-05",-0.00953435443193706,-0.0080971659919028,-0.00944081336238201,-0.0592323731562283,-0.0338189470936587
"2021-06",-0.0413613215749596,-0.0151020408163265,-0.0161290322580645,-0.0692825480216713,-0.0879204376604079
"2021-07",-0.0175563617517491,-0.0174057190219643,-0.0346497764530551,-0.0199770682660081,-0.0784678897384157
"2021-08",-0.0403560830860534,-0.00843525938422607,-0.0243149363180239,-0.0378886738964136,-0.0904086913199299
"2021-09",-0.011269154126297,-0.0161633347511697,-0.0142405063291139,-0.0390065946401011,-0.0434869031317637
"2021-10",-0.0300229341858363,-0.0164288802421099,-0.0160513643659711,-0.0305154037085705,-0.0703087118150961
"2021-11",-0.0956509278498244,-0.0127472527472527,-0.0138662316476346,-0.0332831325301205,-0.135530498708524
"2021-12",-0.0206781809538901,0,-0.010752688172043,-0.0320402970348445,-0.104863964145143
"2022-01",0.0855108809966831,-0.018699910952805,-0.0183946488294314,-0.0295064377682404,-0.0823506756106172
"2022-02",-0.153748695781786,0.00816696914700543,-0.012350936967632,-0.0320619126589275,-0.048833207420465
"2022-03",-0.0310876265962131,0.0162016201620161,-0.00646830530401032,-0.0466019417475728,-0.065489979775694
"2022-04",-0.0130885293582985,0.0159433126660762,-0.00477430555555558,-0.0392356535282137,-0.0874321240261273
"2022-05",-0.0257874378338552,0.018308631211857,-0.000872219799389451,-0.0122825612569362,-0.0767074853397723
